Command line invocation:
    /Applications/Xcode.app/Contents/Developer/usr/bin/xcodebuild -project KoveMirror.xcodeproj -scheme KoveMirror -destination "platform=iOS Simulator,name=iPhone 17" clean build

CreateBuildRequest

SendProjectDescription

CreateBuildOperation

** CLEAN SUCCEEDED **

ComputePackagePrebuildTargetDependencyGraph

Prepare packages

CreateBuildRequest

SendProjectDescription

CreateBuildOperation

ComputeTargetDependencyGraph
note: Building targets in dependency order
note: Target dependency graph (2 targets)
    Target 'KoveMirror' in project 'KoveMirror'
        ➜ Explicit dependency on target 'KoveMirrorBroadcast' in project 'KoveMirror'
    Target 'KoveMirrorBroadcast' in project 'KoveMirror' (no dependencies)

GatherProvisioningInputs

CreateBuildDescription

ExecuteExternalTool /Applications/Xcode.app/Contents/Developer/Toolchains/XcodeDefault.xctoolchain/usr/bin/swiftc --version

ExecuteExternalTool /Applications/Xcode.app/Contents/Developer/Toolchains/XcodeDefault.xctoolchain/usr/bin/clang -v -E -dM -isysroot /Applications/Xcode.app/Contents/Developer/Platforms/iPhoneSimulator.platform/Developer/SDKs/iPhoneSimulator26.5.sdk -x c -c /dev/null

ExecuteExternalTool /Applications/Xcode.app/Contents/Developer/usr/bin/actool --print-asset-tag-combinations --output-format xml1 /Users/krzysztofkajkowski/.gemini/antigravity/scratch/KoveMirror/KoveMirror/Assets.xcassets

ExecuteExternalTool /Applications/Xcode.app/Contents/Developer/usr/bin/actool --version --output-format xml1

ExecuteExternalTool /Applications/Xcode.app/Contents/Developer/Toolchains/XcodeDefault.xctoolchain/usr/bin/ld -version_details

Build description signature: 5aa06f455bbe2d89665d53504d7ef684
Build description path: /Users/krzysztofkajkowski/Library/Developer/Xcode/DerivedData/KoveMirror-eiyrdqhxjcisltgtjsqoddvdyotc/Build/Intermediates.noindex/XCBuildData/5aa06f455bbe2d89665d53504d7ef684.xcbuilddata
ClangStatCache /Applications/Xcode.app/Contents/Developer/Toolchains/XcodeDefault.xctoolchain/usr/bin/clang-stat-cache /Applications/Xcode.app/Contents/Developer/Platforms/iPhoneSimulator.platform/Developer/SDKs/iPhoneSimulator26.5.sdk /Users/krzysztofkajkowski/Library/Developer/Xcode/DerivedData/SDKStatCaches.noindex/iphonesimulator26.5-23F81a-6cfe768891a92b912361537c460fe42b.sdkstatcache
    cd /Users/krzysztofkajkowski/.gemini/antigravity/scratch/KoveMirror/KoveMirror.xcodeproj
    /Applications/Xcode.app/Contents/Developer/Toolchains/XcodeDefault.xctoolchain/usr/bin/clang-stat-cache /Applications/Xcode.app/Contents/Developer/Platforms/iPhoneSimulator.platform/Developer/SDKs/iPhoneSimulator26.5.sdk -o /Users/krzysztofkajkowski/Library/Developer/Xcode/DerivedData/SDKStatCaches.noindex/iphonesimulator26.5-23F81a-6cfe768891a92b912361537c460fe42b.sdkstatcache

CreateBuildDirectory /Users/krzysztofkajkowski/Library/Developer/Xcode/DerivedData/KoveMirror-eiyrdqhxjcisltgtjsqoddvdyotc/Build/Products
    cd /Users/krzysztofkajkowski/.gemini/antigravity/scratch/KoveMirror/KoveMirror.xcodeproj
    builtin-create-build-directory /Users/krzysztofkajkowski/Library/Developer/Xcode/DerivedData/KoveMirror-eiyrdqhxjcisltgtjsqoddvdyotc/Build/Products

CreateBuildDirectory /Users/krzysztofkajkowski/Library/Developer/Xcode/DerivedData/KoveMirror-eiyrdqhxjcisltgtjsqoddvdyotc/Build/Intermediates.noindex
    cd /Users/krzysztofkajkowski/.gemini/antigravity/scratch/KoveMirror/KoveMirror.xcodeproj
    builtin-create-build-directory /Users/krzysztofkajkowski/Library/Developer/Xcode/DerivedData/KoveMirror-eiyrdqhxjcisltgtjsqoddvdyotc/Build/Intermediates.noindex

CreateBuildDirectory /Users/krzysztofkajkowski/Library/Developer/Xcode/DerivedData/KoveMirror-eiyrdqhxjcisltgtjsqoddvdyotc/Build/Intermediates.noindex/ExplicitPrecompiledModules
    cd /Users/krzysztofkajkowski/.gemini/antigravity/scratch/KoveMirror/KoveMirror.xcodeproj
    builtin-create-build-directory /Users/krzysztofkajkowski/Library/Developer/Xcode/DerivedData/KoveMirror-eiyrdqhxjcisltgtjsqoddvdyotc/Build/Intermediates.noindex/ExplicitPrecompiledModules

CreateBuildDirectory /Users/krzysztofkajkowski/Library/Developer/Xcode/DerivedData/KoveMirror-eiyrdqhxjcisltgtjsqoddvdyotc/Build/Intermediates.noindex/SwiftExplicitPrecompiledModules
    cd /Users/krzysztofkajkowski/.gemini/antigravity/scratch/KoveMirror/KoveMirror.xcodeproj
    builtin-create-build-directory /Users/krzysztofkajkowski/Library/Developer/Xcode/DerivedData/KoveMirror-eiyrdqhxjcisltgtjsqoddvdyotc/Build/Intermediates.noindex/SwiftExplicitPrecompiledModules

CreateBuildDirectory /Users/krzysztofkajkowski/Library/Developer/Xcode/DerivedData/KoveMirror-eiyrdqhxjcisltgtjsqoddvdyotc/Build/Intermediates.noindex/EagerLinkingTBDs/Debug-iphonesimulator
    cd /Users/krzysztofkajkowski/.gemini/antigravity/scratch/KoveMirror/KoveMirror.xcodeproj
    builtin-create-build-directory /Users/krzysztofkajkowski/Library/Developer/Xcode/DerivedData/KoveMirror-eiyrdqhxjcisltgtjsqoddvdyotc/Build/Intermediates.noindex/EagerLinkingTBDs/Debug-iphonesimulator

WriteAuxiliaryFile /Users/krzysztofkajkowski/Library/Developer/Xcode/DerivedData/KoveMirror-eiyrdqhxjcisltgtjsqoddvdyotc/Build/Intermediates.noindex/KoveMirror.build/Debug-iphonesimulator/KoveMirror-bfc8d6b696e8fc957c16aa3179d77449-VFS-iphonesimulator/all-product-headers.yaml
    cd /Users/krzysztofkajkowski/.gemini/antigravity/scratch/KoveMirror/KoveMirror.xcodeproj
    write-file /Users/krzysztofkajkowski/Library/Developer/Xcode/DerivedData/KoveMirror-eiyrdqhxjcisltgtjsqoddvdyotc/Build/Intermediates.noindex/KoveMirror.build/Debug-iphonesimulator/KoveMirror-bfc8d6b696e8fc957c16aa3179d77449-VFS-iphonesimulator/all-product-headers.yaml

CreateBuildDirectory /Users/krzysztofkajkowski/Library/Developer/Xcode/DerivedData/KoveMirror-eiyrdqhxjcisltgtjsqoddvdyotc/Build/Products/Debug-iphonesimulator
    cd /Users/krzysztofkajkowski/.gemini/antigravity/scratch/KoveMirror/KoveMirror.xcodeproj
    builtin-create-build-directory /Users/krzysztofkajkowski/Library/Developer/Xcode/DerivedData/KoveMirror-eiyrdqhxjcisltgtjsqoddvdyotc/Build/Products/Debug-iphonesimulator

WriteAuxiliaryFile /Users/krzysztofkajkowski/Library/Developer/Xcode/DerivedData/KoveMirror-eiyrdqhxjcisltgtjsqoddvdyotc/Build/Intermediates.noindex/KoveMirror.build/Debug-iphonesimulator/KoveMirror.build/KoveMirror-project-headers.hmap (in target 'KoveMirror' from project 'KoveMirror')
    cd /Users/krzysztofkajkowski/.gemini/antigravity/scratch/KoveMirror
    write-file /Users/krzysztofkajkowski/Library/Developer/Xcode/DerivedData/KoveMirror-eiyrdqhxjcisltgtjsqoddvdyotc/Build/Intermediates.noindex/KoveMirror.build/Debug-iphonesimulator/KoveMirror.build/KoveMirror-project-headers.hmap

WriteAuxiliaryFile /Users/krzysztofkajkowski/Library/Developer/Xcode/DerivedData/KoveMirror-eiyrdqhxjcisltgtjsqoddvdyotc/Build/Intermediates.noindex/KoveMirror.build/Debug-iphonesimulator/KoveMirror.build/KoveMirror.hmap (in target 'KoveMirror' from project 'KoveMirror')
    cd /Users/krzysztofkajkowski/.gemini/antigravity/scratch/KoveMirror
    write-file /Users/krzysztofkajkowski/Library/Developer/Xcode/DerivedData/KoveMirror-eiyrdqhxjcisltgtjsqoddvdyotc/Build/Intermediates.noindex/KoveMirror.build/Debug-iphonesimulator/KoveMirror.build/KoveMirror.hmap

WriteAuxiliaryFile /Users/krzysztofkajkowski/Library/Developer/Xcode/DerivedData/KoveMirror-eiyrdqhxjcisltgtjsqoddvdyotc/Build/Intermediates.noindex/KoveMirror.build/Debug-iphonesimulator/KoveMirror.build/KoveMirror-own-target-headers.hmap (in target 'KoveMirror' from project 'KoveMirror')
    cd /Users/krzysztofkajkowski/.gemini/antigravity/scratch/KoveMirror
    write-file /Users/krzysztofkajkowski/Library/Developer/Xcode/DerivedData/KoveMirror-eiyrdqhxjcisltgtjsqoddvdyotc/Build/Intermediates.noindex/KoveMirror.build/Debug-iphonesimulator/KoveMirror.build/KoveMirror-own-target-headers.hmap

WriteAuxiliaryFile /Users/krzysztofkajkowski/Library/Developer/Xcode/DerivedData/KoveMirror-eiyrdqhxjcisltgtjsqoddvdyotc/Build/Intermediates.noindex/KoveMirror.build/Debug-iphonesimulator/KoveMirror.build/Objects-normal/arm64/KoveMirror-OutputFileMap.json (in target 'KoveMirror' from project 'KoveMirror')
    cd /Users/krzysztofkajkowski/.gemini/antigravity/scratch/KoveMirror
    write-file /Users/krzysztofkajkowski/Library/Developer/Xcode/DerivedData/KoveMirror-eiyrdqhxjcisltgtjsqoddvdyotc/Build/Intermediates.noindex/KoveMirror.build/Debug-iphonesimulator/KoveMirror.build/Objects-normal/arm64/KoveMirror-OutputFileMap.json

WriteAuxiliaryFile /Users/krzysztofkajkowski/Library/Developer/Xcode/DerivedData/KoveMirror-eiyrdqhxjcisltgtjsqoddvdyotc/Build/Intermediates.noindex/KoveMirror.build/Debug-iphonesimulator/KoveMirror.build/Objects-normal/arm64/KoveMirror_const_extract_protocols.json (in target 'KoveMirror' from project 'KoveMirror')
    cd /Users/krzysztofkajkowski/.gemini/antigravity/scratch/KoveMirror
    write-file /Users/krzysztofkajkowski/Library/Developer/Xcode/DerivedData/KoveMirror-eiyrdqhxjcisltgtjsqoddvdyotc/Build/Intermediates.noindex/KoveMirror.build/Debug-iphonesimulator/KoveMirror.build/Objects-normal/arm64/KoveMirror_const_extract_protocols.json

WriteAuxiliaryFile /Users/krzysztofkajkowski/Library/Developer/Xcode/DerivedData/KoveMirror-eiyrdqhxjcisltgtjsqoddvdyotc/Build/Intermediates.noindex/KoveMirror.build/Debug-iphonesimulator/KoveMirrorBroadcast.build/Objects-normal/arm64/KoveMirrorBroadcast.LinkFileList (in target 'KoveMirrorBroadcast' from project 'KoveMirror')
    cd /Users/krzysztofkajkowski/.gemini/antigravity/scratch/KoveMirror
    write-file /Users/krzysztofkajkowski/Library/Developer/Xcode/DerivedData/KoveMirror-eiyrdqhxjcisltgtjsqoddvdyotc/Build/Intermediates.noindex/KoveMirror.build/Debug-iphonesimulator/KoveMirrorBroadcast.build/Objects-normal/arm64/KoveMirrorBroadcast.LinkFileList

WriteAuxiliaryFile /Users/krzysztofkajkowski/Library/Developer/Xcode/DerivedData/KoveMirror-eiyrdqhxjcisltgtjsqoddvdyotc/Build/Intermediates.noindex/KoveMirror.build/Debug-iphonesimulator/KoveMirrorBroadcast.build/Objects-normal/arm64/KoveMirrorBroadcast.SwiftConstValuesFileList (in target 'KoveMirrorBroadcast' from project 'KoveMirror')
    cd /Users/krzysztofkajkowski/.gemini/antigravity/scratch/KoveMirror
    write-file /Users/krzysztofkajkowski/Library/Developer/Xcode/DerivedData/KoveMirror-eiyrdqhxjcisltgtjsqoddvdyotc/Build/Intermediates.noindex/KoveMirror.build/Debug-iphonesimulator/KoveMirrorBroadcast.build/Objects-normal/arm64/KoveMirrorBroadcast.SwiftConstValuesFileList

WriteAuxiliaryFile /Users/krzysztofkajkowski/Library/Developer/Xcode/DerivedData/KoveMirror-eiyrdqhxjcisltgtjsqoddvdyotc/Build/Intermediates.noindex/KoveMirror.build/Debug-iphonesimulator/KoveMirrorBroadcast.build/Objects-normal/arm64/KoveMirrorBroadcast_const_extract_protocols.json (in target 'KoveMirrorBroadcast' from project 'KoveMirror')
    cd /Users/krzysztofkajkowski/.gemini/antigravity/scratch/KoveMirror
    write-file /Users/krzysztofkajkowski/Library/Developer/Xcode/DerivedData/KoveMirror-eiyrdqhxjcisltgtjsqoddvdyotc/Build/Intermediates.noindex/KoveMirror.build/Debug-iphonesimulator/KoveMirrorBroadcast.build/Objects-normal/arm64/KoveMirrorBroadcast_const_extract_protocols.json

WriteAuxiliaryFile /Users/krzysztofkajkowski/Library/Developer/Xcode/DerivedData/KoveMirror-eiyrdqhxjcisltgtjsqoddvdyotc/Build/Intermediates.noindex/KoveMirror.build/Debug-iphonesimulator/KoveMirrorBroadcast.build/Objects-normal/arm64/KoveMirrorBroadcast.SwiftFileList (in target 'KoveMirrorBroadcast' from project 'KoveMirror')
    cd /Users/krzysztofkajkowski/.gemini/antigravity/scratch/KoveMirror
    write-file /Users/krzysztofkajkowski/Library/Developer/Xcode/DerivedData/KoveMirror-eiyrdqhxjcisltgtjsqoddvdyotc/Build/Intermediates.noindex/KoveMirror.build/Debug-iphonesimulator/KoveMirrorBroadcast.build/Objects-normal/arm64/KoveMirrorBroadcast.SwiftFileList

WriteAuxiliaryFile /Users/krzysztofkajkowski/Library/Developer/Xcode/DerivedData/KoveMirror-eiyrdqhxjcisltgtjsqoddvdyotc/Build/Intermediates.noindex/KoveMirror.build/Debug-iphonesimulator/KoveMirrorBroadcast.build/KoveMirrorBroadcast.hmap (in target 'KoveMirrorBroadcast' from project 'KoveMirror')
    cd /Users/krzysztofkajkowski/.gemini/antigravity/scratch/KoveMirror
    write-file /Users/krzysztofkajkowski/Library/Developer/Xcode/DerivedData/KoveMirror-eiyrdqhxjcisltgtjsqoddvdyotc/Build/Intermediates.noindex/KoveMirror.build/Debug-iphonesimulator/KoveMirrorBroadcast.build/KoveMirrorBroadcast.hmap

WriteAuxiliaryFile /Users/krzysztofkajkowski/Library/Developer/Xcode/DerivedData/KoveMirror-eiyrdqhxjcisltgtjsqoddvdyotc/Build/Intermediates.noindex/KoveMirror.build/Debug-iphonesimulator/KoveMirrorBroadcast.build/Objects-normal/arm64/KoveMirrorBroadcast-OutputFileMap.json (in target 'KoveMirrorBroadcast' from project 'KoveMirror')
    cd /Users/krzysztofkajkowski/.gemini/antigravity/scratch/KoveMirror
    write-file /Users/krzysztofkajkowski/Library/Developer/Xcode/DerivedData/KoveMirror-eiyrdqhxjcisltgtjsqoddvdyotc/Build/Intermediates.noindex/KoveMirror.build/Debug-iphonesimulator/KoveMirrorBroadcast.build/Objects-normal/arm64/KoveMirrorBroadcast-OutputFileMap.json

WriteAuxiliaryFile /Users/krzysztofkajkowski/Library/Developer/Xcode/DerivedData/KoveMirror-eiyrdqhxjcisltgtjsqoddvdyotc/Build/Intermediates.noindex/KoveMirror.build/Debug-iphonesimulator/KoveMirrorBroadcast.build/KoveMirrorBroadcast.DependencyStaticMetadataFileList (in target 'KoveMirrorBroadcast' from project 'KoveMirror')
    cd /Users/krzysztofkajkowski/.gemini/antigravity/scratch/KoveMirror
    write-file /Users/krzysztofkajkowski/Library/Developer/Xcode/DerivedData/KoveMirror-eiyrdqhxjcisltgtjsqoddvdyotc/Build/Intermediates.noindex/KoveMirror.build/Debug-iphonesimulator/KoveMirrorBroadcast.build/KoveMirrorBroadcast.DependencyStaticMetadataFileList

WriteAuxiliaryFile /Users/krzysztofkajkowski/Library/Developer/Xcode/DerivedData/KoveMirror-eiyrdqhxjcisltgtjsqoddvdyotc/Build/Intermediates.noindex/KoveMirror.build/Debug-iphonesimulator/KoveMirrorBroadcast.build/KoveMirrorBroadcast.DependencyMetadataFileList (in target 'KoveMirrorBroadcast' from project 'KoveMirror')
    cd /Users/krzysztofkajkowski/.gemini/antigravity/scratch/KoveMirror
    write-file /Users/krzysztofkajkowski/Library/Developer/Xcode/DerivedData/KoveMirror-eiyrdqhxjcisltgtjsqoddvdyotc/Build/Intermediates.noindex/KoveMirror.build/Debug-iphonesimulator/KoveMirrorBroadcast.build/KoveMirrorBroadcast.DependencyMetadataFileList

WriteAuxiliaryFile /Users/krzysztofkajkowski/Library/Developer/Xcode/DerivedData/KoveMirror-eiyrdqhxjcisltgtjsqoddvdyotc/Build/Intermediates.noindex/KoveMirror.build/Debug-iphonesimulator/KoveMirrorBroadcast.build/KoveMirrorBroadcast-project-headers.hmap (in target 'KoveMirrorBroadcast' from project 'KoveMirror')
    cd /Users/krzysztofkajkowski/.gemini/antigravity/scratch/KoveMirror
    write-file /Users/krzysztofkajkowski/Library/Developer/Xcode/DerivedData/KoveMirror-eiyrdqhxjcisltgtjsqoddvdyotc/Build/Intermediates.noindex/KoveMirror.build/Debug-iphonesimulator/KoveMirrorBroadcast.build/KoveMirrorBroadcast-project-headers.hmap

WriteAuxiliaryFile /Users/krzysztofkajkowski/Library/Developer/Xcode/DerivedData/KoveMirror-eiyrdqhxjcisltgtjsqoddvdyotc/Build/Intermediates.noindex/KoveMirror.build/Debug-iphonesimulator/KoveMirrorBroadcast.build/KoveMirrorBroadcast-own-target-headers.hmap (in target 'KoveMirrorBroadcast' from project 'KoveMirror')
    cd /Users/krzysztofkajkowski/.gemini/antigravity/scratch/KoveMirror
    write-file /Users/krzysztofkajkowski/Library/Developer/Xcode/DerivedData/KoveMirror-eiyrdqhxjcisltgtjsqoddvdyotc/Build/Intermediates.noindex/KoveMirror.build/Debug-iphonesimulator/KoveMirrorBroadcast.build/KoveMirrorBroadcast-own-target-headers.hmap

WriteAuxiliaryFile /Users/krzysztofkajkowski/Library/Developer/Xcode/DerivedData/KoveMirror-eiyrdqhxjcisltgtjsqoddvdyotc/Build/Intermediates.noindex/KoveMirror.build/Debug-iphonesimulator/KoveMirrorBroadcast.build/KoveMirrorBroadcast-generated-files.hmap (in target 'KoveMirrorBroadcast' from project 'KoveMirror')
    cd /Users/krzysztofkajkowski/.gemini/antigravity/scratch/KoveMirror
    write-file /Users/krzysztofkajkowski/Library/Developer/Xcode/DerivedData/KoveMirror-eiyrdqhxjcisltgtjsqoddvdyotc/Build/Intermediates.noindex/KoveMirror.build/Debug-iphonesimulator/KoveMirrorBroadcast.build/KoveMirrorBroadcast-generated-files.hmap

WriteAuxiliaryFile /Users/krzysztofkajkowski/Library/Developer/Xcode/DerivedData/KoveMirror-eiyrdqhxjcisltgtjsqoddvdyotc/Build/Intermediates.noindex/KoveMirror.build/Debug-iphonesimulator/KoveMirrorBroadcast.build/KoveMirrorBroadcast-all-target-headers.hmap (in target 'KoveMirrorBroadcast' from project 'KoveMirror')
    cd /Users/krzysztofkajkowski/.gemini/antigravity/scratch/KoveMirror
    write-file /Users/krzysztofkajkowski/Library/Developer/Xcode/DerivedData/KoveMirror-eiyrdqhxjcisltgtjsqoddvdyotc/Build/Intermediates.noindex/KoveMirror.build/Debug-iphonesimulator/KoveMirrorBroadcast.build/KoveMirrorBroadcast-all-target-headers.hmap

WriteAuxiliaryFile /Users/krzysztofkajkowski/Library/Developer/Xcode/DerivedData/KoveMirror-eiyrdqhxjcisltgtjsqoddvdyotc/Build/Intermediates.noindex/KoveMirror.build/Debug-iphonesimulator/KoveMirrorBroadcast.build/KoveMirrorBroadcast-all-non-framework-target-headers.hmap (in target 'KoveMirrorBroadcast' from project 'KoveMirror')
    cd /Users/krzysztofkajkowski/.gemini/antigravity/scratch/KoveMirror
    write-file /Users/krzysztofkajkowski/Library/Developer/Xcode/DerivedData/KoveMirror-eiyrdqhxjcisltgtjsqoddvdyotc/Build/Intermediates.noindex/KoveMirror.build/Debug-iphonesimulator/KoveMirrorBroadcast.build/KoveMirrorBroadcast-all-non-framework-target-headers.hmap

WriteAuxiliaryFile /Users/krzysztofkajkowski/Library/Developer/Xcode/DerivedData/KoveMirror-eiyrdqhxjcisltgtjsqoddvdyotc/Build/Intermediates.noindex/KoveMirror.build/Debug-iphonesimulator/KoveMirrorBroadcast.build/KoveMirrorBroadcast-DebugEntryPoint-normal-arm64.txt (in target 'KoveMirrorBroadcast' from project 'KoveMirror')
    cd /Users/krzysztofkajkowski/.gemini/antigravity/scratch/KoveMirror
    write-file /Users/krzysztofkajkowski/Library/Developer/Xcode/DerivedData/KoveMirror-eiyrdqhxjcisltgtjsqoddvdyotc/Build/Intermediates.noindex/KoveMirror.build/Debug-iphonesimulator/KoveMirrorBroadcast.build/KoveMirrorBroadcast-DebugEntryPoint-normal-arm64.txt

WriteAuxiliaryFile /Users/krzysztofkajkowski/Library/Developer/Xcode/DerivedData/KoveMirror-eiyrdqhxjcisltgtjsqoddvdyotc/Build/Intermediates.noindex/KoveMirror.build/Debug-iphonesimulator/KoveMirrorBroadcast.build/KoveMirrorBroadcast-DebugDylibPath-normal-arm64.txt (in target 'KoveMirrorBroadcast' from project 'KoveMirror')
    cd /Users/krzysztofkajkowski/.gemini/antigravity/scratch/KoveMirror
    write-file /Users/krzysztofkajkowski/Library/Developer/Xcode/DerivedData/KoveMirror-eiyrdqhxjcisltgtjsqoddvdyotc/Build/Intermediates.noindex/KoveMirror.build/Debug-iphonesimulator/KoveMirrorBroadcast.build/KoveMirrorBroadcast-DebugDylibPath-normal-arm64.txt

WriteAuxiliaryFile /Users/krzysztofkajkowski/Library/Developer/Xcode/DerivedData/KoveMirror-eiyrdqhxjcisltgtjsqoddvdyotc/Build/Intermediates.noindex/KoveMirror.build/Debug-iphonesimulator/KoveMirrorBroadcast.build/KoveMirrorBroadcast-DebugDylibInstallName-normal-arm64.txt (in target 'KoveMirrorBroadcast' from project 'KoveMirror')
    cd /Users/krzysztofkajkowski/.gemini/antigravity/scratch/KoveMirror
    write-file /Users/krzysztofkajkowski/Library/Developer/Xcode/DerivedData/KoveMirror-eiyrdqhxjcisltgtjsqoddvdyotc/Build/Intermediates.noindex/KoveMirror.build/Debug-iphonesimulator/KoveMirrorBroadcast.build/KoveMirrorBroadcast-DebugDylibInstallName-normal-arm64.txt

WriteAuxiliaryFile /Users/krzysztofkajkowski/Library/Developer/Xcode/DerivedData/KoveMirror-eiyrdqhxjcisltgtjsqoddvdyotc/Build/Intermediates.noindex/KoveMirror.build/Debug-iphonesimulator/KoveMirror.build/Objects-normal/arm64/KoveMirror.SwiftConstValuesFileList (in target 'KoveMirror' from project 'KoveMirror')
    cd /Users/krzysztofkajkowski/.gemini/antigravity/scratch/KoveMirror
    write-file /Users/krzysztofkajkowski/Library/Developer/Xcode/DerivedData/KoveMirror-eiyrdqhxjcisltgtjsqoddvdyotc/Build/Intermediates.noindex/KoveMirror.build/Debug-iphonesimulator/KoveMirror.build/Objects-normal/arm64/KoveMirror.SwiftConstValuesFileList

WriteAuxiliaryFile /Users/krzysztofkajkowski/Library/Developer/Xcode/DerivedData/KoveMirror-eiyrdqhxjcisltgtjsqoddvdyotc/Build/Intermediates.noindex/KoveMirror.build/Debug-iphonesimulator/KoveMirror.build/Objects-normal/arm64/KoveMirror.SwiftFileList (in target 'KoveMirror' from project 'KoveMirror')
    cd /Users/krzysztofkajkowski/.gemini/antigravity/scratch/KoveMirror
    write-file /Users/krzysztofkajkowski/Library/Developer/Xcode/DerivedData/KoveMirror-eiyrdqhxjcisltgtjsqoddvdyotc/Build/Intermediates.noindex/KoveMirror.build/Debug-iphonesimulator/KoveMirror.build/Objects-normal/arm64/KoveMirror.SwiftFileList

WriteAuxiliaryFile /Users/krzysztofkajkowski/Library/Developer/Xcode/DerivedData/KoveMirror-eiyrdqhxjcisltgtjsqoddvdyotc/Build/Intermediates.noindex/KoveMirror.build/Debug-iphonesimulator/KoveMirrorBroadcast.build/DerivedSources/Entitlements-Simulated.plist (in target 'KoveMirrorBroadcast' from project 'KoveMirror')
    cd /Users/krzysztofkajkowski/.gemini/antigravity/scratch/KoveMirror
    write-file /Users/krzysztofkajkowski/Library/Developer/Xcode/DerivedData/KoveMirror-eiyrdqhxjcisltgtjsqoddvdyotc/Build/Intermediates.noindex/KoveMirror.build/Debug-iphonesimulator/KoveMirrorBroadcast.build/DerivedSources/Entitlements-Simulated.plist

WriteAuxiliaryFile /Users/krzysztofkajkowski/Library/Developer/Xcode/DerivedData/KoveMirror-eiyrdqhxjcisltgtjsqoddvdyotc/Build/Intermediates.noindex/KoveMirror.build/Debug-iphonesimulator/KoveMirror.build/Objects-normal/arm64/KoveMirror.LinkFileList (in target 'KoveMirror' from project 'KoveMirror')
    cd /Users/krzysztofkajkowski/.gemini/antigravity/scratch/KoveMirror
    write-file /Users/krzysztofkajkowski/Library/Developer/Xcode/DerivedData/KoveMirror-eiyrdqhxjcisltgtjsqoddvdyotc/Build/Intermediates.noindex/KoveMirror.build/Debug-iphonesimulator/KoveMirror.build/Objects-normal/arm64/KoveMirror.LinkFileList

WriteAuxiliaryFile /Users/krzysztofkajkowski/Library/Developer/Xcode/DerivedData/KoveMirror-eiyrdqhxjcisltgtjsqoddvdyotc/Build/Intermediates.noindex/KoveMirror.build/Debug-iphonesimulator/KoveMirror.build/KoveMirror.DependencyStaticMetadataFileList (in target 'KoveMirror' from project 'KoveMirror')
    cd /Users/krzysztofkajkowski/.gemini/antigravity/scratch/KoveMirror
    write-file /Users/krzysztofkajkowski/Library/Developer/Xcode/DerivedData/KoveMirror-eiyrdqhxjcisltgtjsqoddvdyotc/Build/Intermediates.noindex/KoveMirror.build/Debug-iphonesimulator/KoveMirror.build/KoveMirror.DependencyStaticMetadataFileList

WriteAuxiliaryFile /Users/krzysztofkajkowski/Library/Developer/Xcode/DerivedData/KoveMirror-eiyrdqhxjcisltgtjsqoddvdyotc/Build/Intermediates.noindex/KoveMirror.build/Debug-iphonesimulator/KoveMirror.build/KoveMirror.DependencyMetadataFileList (in target 'KoveMirror' from project 'KoveMirror')
    cd /Users/krzysztofkajkowski/.gemini/antigravity/scratch/KoveMirror
    write-file /Users/krzysztofkajkowski/Library/Developer/Xcode/DerivedData/KoveMirror-eiyrdqhxjcisltgtjsqoddvdyotc/Build/Intermediates.noindex/KoveMirror.build/Debug-iphonesimulator/KoveMirror.build/KoveMirror.DependencyMetadataFileList

WriteAuxiliaryFile /Users/krzysztofkajkowski/Library/Developer/Xcode/DerivedData/KoveMirror-eiyrdqhxjcisltgtjsqoddvdyotc/Build/Intermediates.noindex/KoveMirror.build/Debug-iphonesimulator/KoveMirror.build/KoveMirror-generated-files.hmap (in target 'KoveMirror' from project 'KoveMirror')
    cd /Users/krzysztofkajkowski/.gemini/antigravity/scratch/KoveMirror
    write-file /Users/krzysztofkajkowski/Library/Developer/Xcode/DerivedData/KoveMirror-eiyrdqhxjcisltgtjsqoddvdyotc/Build/Intermediates.noindex/KoveMirror.build/Debug-iphonesimulator/KoveMirror.build/KoveMirror-generated-files.hmap

WriteAuxiliaryFile /Users/krzysztofkajkowski/Library/Developer/Xcode/DerivedData/KoveMirror-eiyrdqhxjcisltgtjsqoddvdyotc/Build/Intermediates.noindex/KoveMirror.build/Debug-iphonesimulator/KoveMirror.build/KoveMirror-all-target-headers.hmap (in target 'KoveMirror' from project 'KoveMirror')
    cd /Users/krzysztofkajkowski/.gemini/antigravity/scratch/KoveMirror
    write-file /Users/krzysztofkajkowski/Library/Developer/Xcode/DerivedData/KoveMirror-eiyrdqhxjcisltgtjsqoddvdyotc/Build/Intermediates.noindex/KoveMirror.build/Debug-iphonesimulator/KoveMirror.build/KoveMirror-all-target-headers.hmap

WriteAuxiliaryFile /Users/krzysztofkajkowski/Library/Developer/Xcode/DerivedData/KoveMirror-eiyrdqhxjcisltgtjsqoddvdyotc/Build/Intermediates.noindex/KoveMirror.build/Debug-iphonesimulator/KoveMirror.build/KoveMirror-all-non-framework-target-headers.hmap (in target 'KoveMirror' from project 'KoveMirror')
    cd /Users/krzysztofkajkowski/.gemini/antigravity/scratch/KoveMirror
    write-file /Users/krzysztofkajkowski/Library/Developer/Xcode/DerivedData/KoveMirror-eiyrdqhxjcisltgtjsqoddvdyotc/Build/Intermediates.noindex/KoveMirror.build/Debug-iphonesimulator/KoveMirror.build/KoveMirror-all-non-framework-target-headers.hmap

WriteAuxiliaryFile /Users/krzysztofkajkowski/Library/Developer/Xcode/DerivedData/KoveMirror-eiyrdqhxjcisltgtjsqoddvdyotc/Build/Intermediates.noindex/KoveMirror.build/Debug-iphonesimulator/KoveMirror.build/KoveMirror-DebugDylibInstallName-normal-arm64.txt (in target 'KoveMirror' from project 'KoveMirror')
    cd /Users/krzysztofkajkowski/.gemini/antigravity/scratch/KoveMirror
    write-file /Users/krzysztofkajkowski/Library/Developer/Xcode/DerivedData/KoveMirror-eiyrdqhxjcisltgtjsqoddvdyotc/Build/Intermediates.noindex/KoveMirror.build/Debug-iphonesimulator/KoveMirror.build/KoveMirror-DebugDylibInstallName-normal-arm64.txt

WriteAuxiliaryFile /Users/krzysztofkajkowski/Library/Developer/Xcode/DerivedData/KoveMirror-eiyrdqhxjcisltgtjsqoddvdyotc/Build/Intermediates.noindex/KoveMirror.build/Debug-iphonesimulator/KoveMirror.build/KoveMirror-DebugDylibPath-normal-arm64.txt (in target 'KoveMirror' from project 'KoveMirror')
    cd /Users/krzysztofkajkowski/.gemini/antigravity/scratch/KoveMirror
    write-file /Users/krzysztofkajkowski/Library/Developer/Xcode/DerivedData/KoveMirror-eiyrdqhxjcisltgtjsqoddvdyotc/Build/Intermediates.noindex/KoveMirror.build/Debug-iphonesimulator/KoveMirror.build/KoveMirror-DebugDylibPath-normal-arm64.txt

MkDir /Users/krzysztofkajkowski/Library/Developer/Xcode/DerivedData/KoveMirror-eiyrdqhxjcisltgtjsqoddvdyotc/Build/Products/Debug-iphonesimulator/KoveMirrorBroadcast.appex (in target 'KoveMirrorBroadcast' from project 'KoveMirror')
    cd /Users/krzysztofkajkowski/.gemini/antigravity/scratch/KoveMirror
    /bin/mkdir -p /Users/krzysztofkajkowski/Library/Developer/Xcode/DerivedData/KoveMirror-eiyrdqhxjcisltgtjsqoddvdyotc/Build/Products/Debug-iphonesimulator/KoveMirrorBroadcast.appex

WriteAuxiliaryFile /Users/krzysztofkajkowski/Library/Developer/Xcode/DerivedData/KoveMirror-eiyrdqhxjcisltgtjsqoddvdyotc/Build/Intermediates.noindex/KoveMirror.build/Debug-iphonesimulator/KoveMirror.build/DerivedSources/Entitlements-Simulated.plist (in target 'KoveMirror' from project 'KoveMirror')
    cd /Users/krzysztofkajkowski/.gemini/antigravity/scratch/KoveMirror
    write-file /Users/krzysztofkajkowski/Library/Developer/Xcode/DerivedData/KoveMirror-eiyrdqhxjcisltgtjsqoddvdyotc/Build/Intermediates.noindex/KoveMirror.build/Debug-iphonesimulator/KoveMirror.build/DerivedSources/Entitlements-Simulated.plist

MkDir /Users/krzysztofkajkowski/Library/Developer/Xcode/DerivedData/KoveMirror-eiyrdqhxjcisltgtjsqoddvdyotc/Build/Products/Debug-iphonesimulator/KoveMirror.app/PlugIns (in target 'KoveMirror' from project 'KoveMirror')
    cd /Users/krzysztofkajkowski/.gemini/antigravity/scratch/KoveMirror
    /bin/mkdir -p /Users/krzysztofkajkowski/Library/Developer/Xcode/DerivedData/KoveMirror-eiyrdqhxjcisltgtjsqoddvdyotc/Build/Products/Debug-iphonesimulator/KoveMirror.app/PlugIns

MkDir /Users/krzysztofkajkowski/Library/Developer/Xcode/DerivedData/KoveMirror-eiyrdqhxjcisltgtjsqoddvdyotc/Build/Products/Debug-iphonesimulator/KoveMirror.app (in target 'KoveMirror' from project 'KoveMirror')
    cd /Users/krzysztofkajkowski/.gemini/antigravity/scratch/KoveMirror
    /bin/mkdir -p /Users/krzysztofkajkowski/Library/Developer/Xcode/DerivedData/KoveMirror-eiyrdqhxjcisltgtjsqoddvdyotc/Build/Products/Debug-iphonesimulator/KoveMirror.app

ProcessProductPackaging /Users/krzysztofkajkowski/.gemini/antigravity/scratch/KoveMirror/KoveMirror/BroadcastExtension/KoveMirrorBroadcast.entitlements /Users/krzysztofkajkowski/Library/Developer/Xcode/DerivedData/KoveMirror-eiyrdqhxjcisltgtjsqoddvdyotc/Build/Intermediates.noindex/KoveMirror.build/Debug-iphonesimulator/KoveMirrorBroadcast.build/KoveMirrorBroadcast.appex-Simulated.xcent (in target 'KoveMirrorBroadcast' from project 'KoveMirror')
    cd /Users/krzysztofkajkowski/.gemini/antigravity/scratch/KoveMirror
    
    Entitlements:
    
    {
    "application-identifier" = "L4QQBV468L.pl.cayco.kovemirror.ios.broadcast";
    "com.apple.security.application-groups" =     (
        "group.pl.cayco.kovemirror"
    );
}
    
    builtin-productPackagingUtility /Users/krzysztofkajkowski/.gemini/antigravity/scratch/KoveMirror/KoveMirror/BroadcastExtension/KoveMirrorBroadcast.entitlements -entitlements -format xml -o /Users/krzysztofkajkowski/Library/Developer/Xcode/DerivedData/KoveMirror-eiyrdqhxjcisltgtjsqoddvdyotc/Build/Intermediates.noindex/KoveMirror.build/Debug-iphonesimulator/KoveMirrorBroadcast.build/KoveMirrorBroadcast.appex-Simulated.xcent

ProcessProductPackaging /Users/krzysztofkajkowski/.gemini/antigravity/scratch/KoveMirror/KoveMirror/BroadcastExtension/KoveMirrorBroadcast.entitlements /Users/krzysztofkajkowski/Library/Developer/Xcode/DerivedData/KoveMirror-eiyrdqhxjcisltgtjsqoddvdyotc/Build/Intermediates.noindex/KoveMirror.build/Debug-iphonesimulator/KoveMirrorBroadcast.build/KoveMirrorBroadcast.appex.xcent (in target 'KoveMirrorBroadcast' from project 'KoveMirror')
    cd /Users/krzysztofkajkowski/.gemini/antigravity/scratch/KoveMirror
    
    Entitlements:
    
    {
}
    
    builtin-productPackagingUtility /Users/krzysztofkajkowski/.gemini/antigravity/scratch/KoveMirror/KoveMirror/BroadcastExtension/KoveMirrorBroadcast.entitlements -entitlements -format xml -o /Users/krzysztofkajkowski/Library/Developer/Xcode/DerivedData/KoveMirror-eiyrdqhxjcisltgtjsqoddvdyotc/Build/Intermediates.noindex/KoveMirror.build/Debug-iphonesimulator/KoveMirrorBroadcast.build/KoveMirrorBroadcast.appex.xcent

ProcessProductPackagingDER /Users/krzysztofkajkowski/Library/Developer/Xcode/DerivedData/KoveMirror-eiyrdqhxjcisltgtjsqoddvdyotc/Build/Intermediates.noindex/KoveMirror.build/Debug-iphonesimulator/KoveMirrorBroadcast.build/KoveMirrorBroadcast.appex.xcent /Users/krzysztofkajkowski/Library/Developer/Xcode/DerivedData/KoveMirror-eiyrdqhxjcisltgtjsqoddvdyotc/Build/Intermediates.noindex/KoveMirror.build/Debug-iphonesimulator/KoveMirrorBroadcast.build/KoveMirrorBroadcast.appex.xcent.der (in target 'KoveMirrorBroadcast' from project 'KoveMirror')
    cd /Users/krzysztofkajkowski/.gemini/antigravity/scratch/KoveMirror
    /usr/bin/derq query -f xml -i /Users/krzysztofkajkowski/Library/Developer/Xcode/DerivedData/KoveMirror-eiyrdqhxjcisltgtjsqoddvdyotc/Build/Intermediates.noindex/KoveMirror.build/Debug-iphonesimulator/KoveMirrorBroadcast.build/KoveMirrorBroadcast.appex.xcent -o /Users/krzysztofkajkowski/Library/Developer/Xcode/DerivedData/KoveMirror-eiyrdqhxjcisltgtjsqoddvdyotc/Build/Intermediates.noindex/KoveMirror.build/Debug-iphonesimulator/KoveMirrorBroadcast.build/KoveMirrorBroadcast.appex.xcent.der --raw

ProcessProductPackagingDER /Users/krzysztofkajkowski/Library/Developer/Xcode/DerivedData/KoveMirror-eiyrdqhxjcisltgtjsqoddvdyotc/Build/Intermediates.noindex/KoveMirror.build/Debug-iphonesimulator/KoveMirrorBroadcast.build/KoveMirrorBroadcast.appex-Simulated.xcent /Users/krzysztofkajkowski/Library/Developer/Xcode/DerivedData/KoveMirror-eiyrdqhxjcisltgtjsqoddvdyotc/Build/Intermediates.noindex/KoveMirror.build/Debug-iphonesimulator/KoveMirrorBroadcast.build/KoveMirrorBroadcast.appex-Simulated.xcent.der (in target 'KoveMirrorBroadcast' from project 'KoveMirror')
    cd /Users/krzysztofkajkowski/.gemini/antigravity/scratch/KoveMirror
    /usr/bin/derq query -f xml -i /Users/krzysztofkajkowski/Library/Developer/Xcode/DerivedData/KoveMirror-eiyrdqhxjcisltgtjsqoddvdyotc/Build/Intermediates.noindex/KoveMirror.build/Debug-iphonesimulator/KoveMirrorBroadcast.build/KoveMirrorBroadcast.appex-Simulated.xcent -o /Users/krzysztofkajkowski/Library/Developer/Xcode/DerivedData/KoveMirror-eiyrdqhxjcisltgtjsqoddvdyotc/Build/Intermediates.noindex/KoveMirror.build/Debug-iphonesimulator/KoveMirrorBroadcast.build/KoveMirrorBroadcast.appex-Simulated.xcent.der --raw

ProcessInfoPlistFile /Users/krzysztofkajkowski/Library/Developer/Xcode/DerivedData/KoveMirror-eiyrdqhxjcisltgtjsqoddvdyotc/Build/Products/Debug-iphonesimulator/KoveMirrorBroadcast.appex/Info.plist /Users/krzysztofkajkowski/.gemini/antigravity/scratch/KoveMirror/KoveMirror/BroadcastExtension/Info.plist (in target 'KoveMirrorBroadcast' from project 'KoveMirror')
    cd /Users/krzysztofkajkowski/.gemini/antigravity/scratch/KoveMirror
    builtin-infoPlistUtility /Users/krzysztofkajkowski/.gemini/antigravity/scratch/KoveMirror/KoveMirror/BroadcastExtension/Info.plist -producttype com.apple.product-type.app-extension -expandbuildsettings -format binary -platform iphonesimulator -o /Users/krzysztofkajkowski/Library/Developer/Xcode/DerivedData/KoveMirror-eiyrdqhxjcisltgtjsqoddvdyotc/Build/Products/Debug-iphonesimulator/KoveMirrorBroadcast.appex/Info.plist

Ld /Users/krzysztofkajkowski/Library/Developer/Xcode/DerivedData/KoveMirror-eiyrdqhxjcisltgtjsqoddvdyotc/Build/Products/Debug-iphonesimulator/KoveMirrorBroadcast.appex/__preview.dylib normal (in target 'KoveMirrorBroadcast' from project 'KoveMirror')
    cd /Users/krzysztofkajkowski/.gemini/antigravity/scratch/KoveMirror
    /Applications/Xcode.app/Contents/Developer/Toolchains/XcodeDefault.xctoolchain/usr/bin/clang -Xlinker -reproducible -target arm64-apple-ios16.0-simulator -dynamiclib -isysroot /Applications/Xcode.app/Contents/Developer/Platforms/iPhoneSimulator.platform/Developer/SDKs/iPhoneSimulator26.5.sdk -O0 -L/Users/krzysztofkajkowski/Library/Developer/Xcode/DerivedData/KoveMirror-eiyrdqhxjcisltgtjsqoddvdyotc/Build/Products/Debug-iphonesimulator -F/Users/krzysztofkajkowski/Library/Developer/Xcode/DerivedData/KoveMirror-eiyrdqhxjcisltgtjsqoddvdyotc/Build/Products/Debug-iphonesimulator -install_name @rpath/KoveMirrorBroadcast.debug.dylib -Xlinker -dead_strip -rdynamic -Xlinker -no_deduplicate -Xlinker -objc_abi_version -Xlinker 2 -Xlinker -dependency_info -Xlinker /Users/krzysztofkajkowski/Library/Developer/Xcode/DerivedData/KoveMirror-eiyrdqhxjcisltgtjsqoddvdyotc/Build/Intermediates.noindex/KoveMirror.build/Debug-iphonesimulator/KoveMirrorBroadcast.build/Objects-normal/arm64/KoveMirrorBroadcast_dependency_info.dat -Xlinker -sectcreate -Xlinker __TEXT -Xlinker __entitlements -Xlinker /Users/krzysztofkajkowski/Library/Developer/Xcode/DerivedData/KoveMirror-eiyrdqhxjcisltgtjsqoddvdyotc/Build/Intermediates.noindex/KoveMirror.build/Debug-iphonesimulator/KoveMirrorBroadcast.build/KoveMirrorBroadcast.appex-Simulated.xcent -Xlinker -sectcreate -Xlinker __TEXT -Xlinker __ents_der -Xlinker /Users/krzysztofkajkowski/Library/Developer/Xcode/DerivedData/KoveMirror-eiyrdqhxjcisltgtjsqoddvdyotc/Build/Intermediates.noindex/KoveMirror.build/Debug-iphonesimulator/KoveMirrorBroadcast.build/KoveMirrorBroadcast.appex-Simulated.xcent.der -Xlinker -no_adhoc_codesign -o /Users/krzysztofkajkowski/Library/Developer/Xcode/DerivedData/KoveMirror-eiyrdqhxjcisltgtjsqoddvdyotc/Build/Products/Debug-iphonesimulator/KoveMirrorBroadcast.appex/__preview.dylib

SwiftDriver KoveMirrorBroadcast normal arm64 com.apple.xcode.tools.swift.compiler (in target 'KoveMirrorBroadcast' from project 'KoveMirror')
    cd /Users/krzysztofkajkowski/.gemini/antigravity/scratch/KoveMirror
    builtin-SwiftDriver -- /Applications/Xcode.app/Contents/Developer/Toolchains/XcodeDefault.xctoolchain/usr/bin/swiftc -module-name KoveMirrorBroadcast -Onone @/Users/krzysztofkajkowski/Library/Developer/Xcode/DerivedData/KoveMirror-eiyrdqhxjcisltgtjsqoddvdyotc/Build/Intermediates.noindex/KoveMirror.build/Debug-iphonesimulator/KoveMirrorBroadcast.build/Objects-normal/arm64/KoveMirrorBroadcast.SwiftFileList -DDEBUG -enable-bare-slash-regex -enable-experimental-feature DebugDescriptionMacro -sdk /Applications/Xcode.app/Contents/Developer/Platforms/iPhoneSimulator.platform/Developer/SDKs/iPhoneSimulator26.5.sdk -target arm64-apple-ios16.0-simulator -g -module-cache-path /Users/krzysztofkajkowski/Library/Developer/Xcode/DerivedData/ModuleCache.noindex -Xfrontend -serialize-debugging-options -application-extension -enable-testing -index-store-path /Users/krzysztofkajkowski/Library/Developer/Xcode/DerivedData/KoveMirror-eiyrdqhxjcisltgtjsqoddvdyotc/Index.noindex/DataStore -Xcc -D_LIBCPP_HARDENING_MODE\=_LIBCPP_HARDENING_MODE_DEBUG -swift-version 5 -I /Users/krzysztofkajkowski/Library/Developer/Xcode/DerivedData/KoveMirror-eiyrdqhxjcisltgtjsqoddvdyotc/Build/Products/Debug-iphonesimulator -F /Users/krzysztofkajkowski/Library/Developer/Xcode/DerivedData/KoveMirror-eiyrdqhxjcisltgtjsqoddvdyotc/Build/Products/Debug-iphonesimulator -parse-as-library -c -j10 -enable-batch-mode -incremental -Xcc -ivfsstatcache -Xcc /Users/krzysztofkajkowski/Library/Developer/Xcode/DerivedData/SDKStatCaches.noindex/iphonesimulator26.5-23F81a-6cfe768891a92b912361537c460fe42b.sdkstatcache -output-file-map /Users/krzysztofkajkowski/Library/Developer/Xcode/DerivedData/KoveMirror-eiyrdqhxjcisltgtjsqoddvdyotc/Build/Intermediates.noindex/KoveMirror.build/Debug-iphonesimulator/KoveMirrorBroadcast.build/Objects-normal/arm64/KoveMirrorBroadcast-OutputFileMap.json -use-frontend-parseable-output -save-temps -no-color-diagnostics -explicit-module-build -module-cache-path /Users/krzysztofkajkowski/Library/Developer/Xcode/DerivedData/KoveMirror-eiyrdqhxjcisltgtjsqoddvdyotc/Build/Intermediates.noindex/SwiftExplicitPrecompiledModules -clang-scanner-module-cache-path /Users/krzysztofkajkowski/Library/Developer/Xcode/DerivedData/ModuleCache.noindex -sdk-module-cache-path /Users/krzysztofkajkowski/Library/Developer/Xcode/DerivedData/ModuleCache.noindex -serialize-diagnostics -emit-dependencies -emit-module -emit-module-path /Users/krzysztofkajkowski/Library/Developer/Xcode/DerivedData/KoveMirror-eiyrdqhxjcisltgtjsqoddvdyotc/Build/Intermediates.noindex/KoveMirror.build/Debug-iphonesimulator/KoveMirrorBroadcast.build/Objects-normal/arm64/KoveMirrorBroadcast.swiftmodule -validate-clang-modules-once -clang-build-session-file /Users/krzysztofkajkowski/Library/Developer/Xcode/DerivedData/ModuleCache.noindex/Session.modulevalidation -Xcc -I/Users/krzysztofkajkowski/Library/Developer/Xcode/DerivedData/KoveMirror-eiyrdqhxjcisltgtjsqoddvdyotc/Build/Intermediates.noindex/KoveMirror.build/Debug-iphonesimulator/KoveMirrorBroadcast.build/swift-overrides.hmap -emit-const-values -Xfrontend -const-gather-protocols-file -Xfrontend /Users/krzysztofkajkowski/Library/Developer/Xcode/DerivedData/KoveMirror-eiyrdqhxjcisltgtjsqoddvdyotc/Build/Intermediates.noindex/KoveMirror.build/Debug-iphonesimulator/KoveMirrorBroadcast.build/Objects-normal/arm64/KoveMirrorBroadcast_const_extract_protocols.json -Xcc -iquote -Xcc /Users/krzysztofkajkowski/Library/Developer/Xcode/DerivedData/KoveMirror-eiyrdqhxjcisltgtjsqoddvdyotc/Build/Intermediates.noindex/KoveMirror.build/Debug-iphonesimulator/KoveMirrorBroadcast.build/KoveMirrorBroadcast-generated-files.hmap -Xcc -I/Users/krzysztofkajkowski/Library/Developer/Xcode/DerivedData/KoveMirror-eiyrdqhxjcisltgtjsqoddvdyotc/Build/Intermediates.noindex/KoveMirror.build/Debug-iphonesimulator/KoveMirrorBroadcast.build/KoveMirrorBroadcast-own-target-headers.hmap -Xcc -I/Users/krzysztofkajkowski/Library/Developer/Xcode/DerivedData/KoveMirror-eiyrdqhxjcisltgtjsqoddvdyotc/Build/Intermediates.noindex/KoveMirror.build/Debug-iphonesimulator/KoveMirrorBroadcast.build/KoveMirrorBroadcast-all-target-headers.hmap -Xcc -iquote -Xcc /Users/krzysztofkajkowski/Library/Developer/Xcode/DerivedData/KoveMirror-eiyrdqhxjcisltgtjsqoddvdyotc/Build/Intermediates.noindex/KoveMirror.build/Debug-iphonesimulator/KoveMirrorBroadcast.build/KoveMirrorBroadcast-project-headers.hmap -Xcc -I/Users/krzysztofkajkowski/Library/Developer/Xcode/DerivedData/KoveMirror-eiyrdqhxjcisltgtjsqoddvdyotc/Build/Products/Debug-iphonesimulator/include -Xcc -I/Users/krzysztofkajkowski/Library/Developer/Xcode/DerivedData/KoveMirror-eiyrdqhxjcisltgtjsqoddvdyotc/Build/Intermediates.noindex/KoveMirror.build/Debug-iphonesimulator/KoveMirrorBroadcast.build/DerivedSources-normal/arm64 -Xcc -I/Users/krzysztofkajkowski/Library/Developer/Xcode/DerivedData/KoveMirror-eiyrdqhxjcisltgtjsqoddvdyotc/Build/Intermediates.noindex/KoveMirror.build/Debug-iphonesimulator/KoveMirrorBroadcast.build/DerivedSources/arm64 -Xcc -I/Users/krzysztofkajkowski/Library/Developer/Xcode/DerivedData/KoveMirror-eiyrdqhxjcisltgtjsqoddvdyotc/Build/Intermediates.noindex/KoveMirror.build/Debug-iphonesimulator/KoveMirrorBroadcast.build/DerivedSources -Xcc -DDEBUG\=1 -emit-objc-header -emit-objc-header-path /Users/krzysztofkajkowski/Library/Developer/Xcode/DerivedData/KoveMirror-eiyrdqhxjcisltgtjsqoddvdyotc/Build/Intermediates.noindex/KoveMirror.build/Debug-iphonesimulator/KoveMirrorBroadcast.build/Objects-normal/arm64/KoveMirrorBroadcast-Swift.h -working-directory /Users/krzysztofkajkowski/.gemini/antigravity/scratch/KoveMirror -experimental-emit-module-separately -disable-cmo

SwiftCompile normal arm64 Compiling\ SampleHandler.swift /Users/krzysztofkajkowski/.gemini/antigravity/scratch/KoveMirror/KoveMirror/BroadcastExtension/SampleHandler.swift (in target 'KoveMirrorBroadcast' from project 'KoveMirror')

SwiftCompile normal arm64 /Users/krzysztofkajkowski/.gemini/antigravity/scratch/KoveMirror/KoveMirror/BroadcastExtension/SampleHandler.swift (in target 'KoveMirrorBroadcast' from project 'KoveMirror')
    cd /Users/krzysztofkajkowski/.gemini/antigravity/scratch/KoveMirror
    

SwiftEmitModule normal arm64 Emitting\ module\ for\ KoveMirrorBroadcast (in target 'KoveMirrorBroadcast' from project 'KoveMirror')

SwiftCompile normal arm64 /Users/krzysztofkajkowski/.gemini/antigravity/scratch/KoveMirror/KoveMirror/BroadcastExtension/SampleHandler.swift (in target 'KoveMirrorBroadcast' from project 'KoveMirror')
    cd /Users/krzysztofkajkowski/.gemini/antigravity/scratch/KoveMirror
    

SwiftDriverJobDiscovery normal arm64 Emitting module for KoveMirrorBroadcast (in target 'KoveMirrorBroadcast' from project 'KoveMirror')

SwiftDriver\ Compilation\ Requirements KoveMirrorBroadcast normal arm64 com.apple.xcode.tools.swift.compiler (in target 'KoveMirrorBroadcast' from project 'KoveMirror')
    cd /Users/krzysztofkajkowski/.gemini/antigravity/scratch/KoveMirror
    builtin-Swift-Compilation-Requirements -- /Applications/Xcode.app/Contents/Developer/Toolchains/XcodeDefault.xctoolchain/usr/bin/swiftc -module-name KoveMirrorBroadcast -Onone @/Users/krzysztofkajkowski/Library/Developer/Xcode/DerivedData/KoveMirror-eiyrdqhxjcisltgtjsqoddvdyotc/Build/Intermediates.noindex/KoveMirror.build/Debug-iphonesimulator/KoveMirrorBroadcast.build/Objects-normal/arm64/KoveMirrorBroadcast.SwiftFileList -DDEBUG -enable-bare-slash-regex -enable-experimental-feature DebugDescriptionMacro -sdk /Applications/Xcode.app/Contents/Developer/Platforms/iPhoneSimulator.platform/Developer/SDKs/iPhoneSimulator26.5.sdk -target arm64-apple-ios16.0-simulator -g -module-cache-path /Users/krzysztofkajkowski/Library/Developer/Xcode/DerivedData/ModuleCache.noindex -Xfrontend -serialize-debugging-options -application-extension -enable-testing -index-store-path /Users/krzysztofkajkowski/Library/Developer/Xcode/DerivedData/KoveMirror-eiyrdqhxjcisltgtjsqoddvdyotc/Index.noindex/DataStore -Xcc -D_LIBCPP_HARDENING_MODE\=_LIBCPP_HARDENING_MODE_DEBUG -swift-version 5 -I /Users/krzysztofkajkowski/Library/Developer/Xcode/DerivedData/KoveMirror-eiyrdqhxjcisltgtjsqoddvdyotc/Build/Products/Debug-iphonesimulator -F /Users/krzysztofkajkowski/Library/Developer/Xcode/DerivedData/KoveMirror-eiyrdqhxjcisltgtjsqoddvdyotc/Build/Products/Debug-iphonesimulator -parse-as-library -c -j10 -enable-batch-mode -incremental -Xcc -ivfsstatcache -Xcc /Users/krzysztofkajkowski/Library/Developer/Xcode/DerivedData/SDKStatCaches.noindex/iphonesimulator26.5-23F81a-6cfe768891a92b912361537c460fe42b.sdkstatcache -output-file-map /Users/krzysztofkajkowski/Library/Developer/Xcode/DerivedData/KoveMirror-eiyrdqhxjcisltgtjsqoddvdyotc/Build/Intermediates.noindex/KoveMirror.build/Debug-iphonesimulator/KoveMirrorBroadcast.build/Objects-normal/arm64/KoveMirrorBroadcast-OutputFileMap.json -use-frontend-parseable-output -save-temps -no-color-diagnostics -explicit-module-build -module-cache-path /Users/krzysztofkajkowski/Library/Developer/Xcode/DerivedData/KoveMirror-eiyrdqhxjcisltgtjsqoddvdyotc/Build/Intermediates.noindex/SwiftExplicitPrecompiledModules -clang-scanner-module-cache-path /Users/krzysztofkajkowski/Library/Developer/Xcode/DerivedData/ModuleCache.noindex -sdk-module-cache-path /Users/krzysztofkajkowski/Library/Developer/Xcode/DerivedData/ModuleCache.noindex -serialize-diagnostics -emit-dependencies -emit-module -emit-module-path /Users/krzysztofkajkowski/Library/Developer/Xcode/DerivedData/KoveMirror-eiyrdqhxjcisltgtjsqoddvdyotc/Build/Intermediates.noindex/KoveMirror.build/Debug-iphonesimulator/KoveMirrorBroadcast.build/Objects-normal/arm64/KoveMirrorBroadcast.swiftmodule -validate-clang-modules-once -clang-build-session-file /Users/krzysztofkajkowski/Library/Developer/Xcode/DerivedData/ModuleCache.noindex/Session.modulevalidation -Xcc -I/Users/krzysztofkajkowski/Library/Developer/Xcode/DerivedData/KoveMirror-eiyrdqhxjcisltgtjsqoddvdyotc/Build/Intermediates.noindex/KoveMirror.build/Debug-iphonesimulator/KoveMirrorBroadcast.build/swift-overrides.hmap -emit-const-values -Xfrontend -const-gather-protocols-file -Xfrontend /Users/krzysztofkajkowski/Library/Developer/Xcode/DerivedData/KoveMirror-eiyrdqhxjcisltgtjsqoddvdyotc/Build/Intermediates.noindex/KoveMirror.build/Debug-iphonesimulator/KoveMirrorBroadcast.build/Objects-normal/arm64/KoveMirrorBroadcast_const_extract_protocols.json -Xcc -iquote -Xcc /Users/krzysztofkajkowski/Library/Developer/Xcode/DerivedData/KoveMirror-eiyrdqhxjcisltgtjsqoddvdyotc/Build/Intermediates.noindex/KoveMirror.build/Debug-iphonesimulator/KoveMirrorBroadcast.build/KoveMirrorBroadcast-generated-files.hmap -Xcc -I/Users/krzysztofkajkowski/Library/Developer/Xcode/DerivedData/KoveMirror-eiyrdqhxjcisltgtjsqoddvdyotc/Build/Intermediates.noindex/KoveMirror.build/Debug-iphonesimulator/KoveMirrorBroadcast.build/KoveMirrorBroadcast-own-target-headers.hmap -Xcc -I/Users/krzysztofkajkowski/Library/Developer/Xcode/DerivedData/KoveMirror-eiyrdqhxjcisltgtjsqoddvdyotc/Build/Intermediates.noindex/KoveMirror.build/Debug-iphonesimulator/KoveMirrorBroadcast.build/KoveMirrorBroadcast-all-target-headers.hmap -Xcc -iquote -Xcc /Users/krzysztofkajkowski/Library/Developer/Xcode/DerivedData/KoveMirror-eiyrdqhxjcisltgtjsqoddvdyotc/Build/Intermediates.noindex/KoveMirror.build/Debug-iphonesimulator/KoveMirrorBroadcast.build/KoveMirrorBroadcast-project-headers.hmap -Xcc -I/Users/krzysztofkajkowski/Library/Developer/Xcode/DerivedData/KoveMirror-eiyrdqhxjcisltgtjsqoddvdyotc/Build/Products/Debug-iphonesimulator/include -Xcc -I/Users/krzysztofkajkowski/Library/Developer/Xcode/DerivedData/KoveMirror-eiyrdqhxjcisltgtjsqoddvdyotc/Build/Intermediates.noindex/KoveMirror.build/Debug-iphonesimulator/KoveMirrorBroadcast.build/DerivedSources-normal/arm64 -Xcc -I/Users/krzysztofkajkowski/Library/Developer/Xcode/DerivedData/KoveMirror-eiyrdqhxjcisltgtjsqoddvdyotc/Build/Intermediates.noindex/KoveMirror.build/Debug-iphonesimulator/KoveMirrorBroadcast.build/DerivedSources/arm64 -Xcc -I/Users/krzysztofkajkowski/Library/Developer/Xcode/DerivedData/KoveMirror-eiyrdqhxjcisltgtjsqoddvdyotc/Build/Intermediates.noindex/KoveMirror.build/Debug-iphonesimulator/KoveMirrorBroadcast.build/DerivedSources -Xcc -DDEBUG\=1 -emit-objc-header -emit-objc-header-path /Users/krzysztofkajkowski/Library/Developer/Xcode/DerivedData/KoveMirror-eiyrdqhxjcisltgtjsqoddvdyotc/Build/Intermediates.noindex/KoveMirror.build/Debug-iphonesimulator/KoveMirrorBroadcast.build/Objects-normal/arm64/KoveMirrorBroadcast-Swift.h -working-directory /Users/krzysztofkajkowski/.gemini/antigravity/scratch/KoveMirror -experimental-emit-module-separately -disable-cmo

SwiftMergeGeneratedHeaders /Users/krzysztofkajkowski/Library/Developer/Xcode/DerivedData/KoveMirror-eiyrdqhxjcisltgtjsqoddvdyotc/Build/Intermediates.noindex/KoveMirror.build/Debug-iphonesimulator/KoveMirrorBroadcast.build/DerivedSources/KoveMirrorBroadcast-Swift.h /Users/krzysztofkajkowski/Library/Developer/Xcode/DerivedData/KoveMirror-eiyrdqhxjcisltgtjsqoddvdyotc/Build/Intermediates.noindex/KoveMirror.build/Debug-iphonesimulator/KoveMirrorBroadcast.build/Objects-normal/arm64/KoveMirrorBroadcast-Swift.h (in target 'KoveMirrorBroadcast' from project 'KoveMirror')
    cd /Users/krzysztofkajkowski/.gemini/antigravity/scratch/KoveMirror
    builtin-swiftHeaderTool -arch arm64 /Users/krzysztofkajkowski/Library/Developer/Xcode/DerivedData/KoveMirror-eiyrdqhxjcisltgtjsqoddvdyotc/Build/Intermediates.noindex/KoveMirror.build/Debug-iphonesimulator/KoveMirrorBroadcast.build/Objects-normal/arm64/KoveMirrorBroadcast-Swift.h -o /Users/krzysztofkajkowski/Library/Developer/Xcode/DerivedData/KoveMirror-eiyrdqhxjcisltgtjsqoddvdyotc/Build/Intermediates.noindex/KoveMirror.build/Debug-iphonesimulator/KoveMirrorBroadcast.build/DerivedSources/KoveMirrorBroadcast-Swift.h

Copy /Users/krzysztofkajkowski/Library/Developer/Xcode/DerivedData/KoveMirror-eiyrdqhxjcisltgtjsqoddvdyotc/Build/Products/Debug-iphonesimulator/KoveMirrorBroadcast.swiftmodule/arm64-apple-ios-simulator.swiftmodule /Users/krzysztofkajkowski/Library/Developer/Xcode/DerivedData/KoveMirror-eiyrdqhxjcisltgtjsqoddvdyotc/Build/Intermediates.noindex/KoveMirror.build/Debug-iphonesimulator/KoveMirrorBroadcast.build/Objects-normal/arm64/KoveMirrorBroadcast.swiftmodule (in target 'KoveMirrorBroadcast' from project 'KoveMirror')
    cd /Users/krzysztofkajkowski/.gemini/antigravity/scratch/KoveMirror
    builtin-copy -exclude .DS_Store -exclude CVS -exclude .svn -exclude .git -exclude .hg -resolve-src-symlinks -rename /Users/krzysztofkajkowski/Library/Developer/Xcode/DerivedData/KoveMirror-eiyrdqhxjcisltgtjsqoddvdyotc/Build/Intermediates.noindex/KoveMirror.build/Debug-iphonesimulator/KoveMirrorBroadcast.build/Objects-normal/arm64/KoveMirrorBroadcast.swiftmodule /Users/krzysztofkajkowski/Library/Developer/Xcode/DerivedData/KoveMirror-eiyrdqhxjcisltgtjsqoddvdyotc/Build/Products/Debug-iphonesimulator/KoveMirrorBroadcast.swiftmodule/arm64-apple-ios-simulator.swiftmodule

Copy /Users/krzysztofkajkowski/Library/Developer/Xcode/DerivedData/KoveMirror-eiyrdqhxjcisltgtjsqoddvdyotc/Build/Products/Debug-iphonesimulator/KoveMirrorBroadcast.swiftmodule/arm64-apple-ios-simulator.abi.json /Users/krzysztofkajkowski/Library/Developer/Xcode/DerivedData/KoveMirror-eiyrdqhxjcisltgtjsqoddvdyotc/Build/Intermediates.noindex/KoveMirror.build/Debug-iphonesimulator/KoveMirrorBroadcast.build/Objects-normal/arm64/KoveMirrorBroadcast.abi.json (in target 'KoveMirrorBroadcast' from project 'KoveMirror')
    cd /Users/krzysztofkajkowski/.gemini/antigravity/scratch/KoveMirror
    builtin-copy -exclude .DS_Store -exclude CVS -exclude .svn -exclude .git -exclude .hg -resolve-src-symlinks -rename /Users/krzysztofkajkowski/Library/Developer/Xcode/DerivedData/KoveMirror-eiyrdqhxjcisltgtjsqoddvdyotc/Build/Intermediates.noindex/KoveMirror.build/Debug-iphonesimulator/KoveMirrorBroadcast.build/Objects-normal/arm64/KoveMirrorBroadcast.abi.json /Users/krzysztofkajkowski/Library/Developer/Xcode/DerivedData/KoveMirror-eiyrdqhxjcisltgtjsqoddvdyotc/Build/Products/Debug-iphonesimulator/KoveMirrorBroadcast.swiftmodule/arm64-apple-ios-simulator.abi.json

Copy /Users/krzysztofkajkowski/Library/Developer/Xcode/DerivedData/KoveMirror-eiyrdqhxjcisltgtjsqoddvdyotc/Build/Products/Debug-iphonesimulator/KoveMirrorBroadcast.swiftmodule/arm64-apple-ios-simulator.swiftdoc /Users/krzysztofkajkowski/Library/Developer/Xcode/DerivedData/KoveMirror-eiyrdqhxjcisltgtjsqoddvdyotc/Build/Intermediates.noindex/KoveMirror.build/Debug-iphonesimulator/KoveMirrorBroadcast.build/Objects-normal/arm64/KoveMirrorBroadcast.swiftdoc (in target 'KoveMirrorBroadcast' from project 'KoveMirror')
    cd /Users/krzysztofkajkowski/.gemini/antigravity/scratch/KoveMirror
    builtin-copy -exclude .DS_Store -exclude CVS -exclude .svn -exclude .git -exclude .hg -resolve-src-symlinks -rename /Users/krzysztofkajkowski/Library/Developer/Xcode/DerivedData/KoveMirror-eiyrdqhxjcisltgtjsqoddvdyotc/Build/Intermediates.noindex/KoveMirror.build/Debug-iphonesimulator/KoveMirrorBroadcast.build/Objects-normal/arm64/KoveMirrorBroadcast.swiftdoc /Users/krzysztofkajkowski/Library/Developer/Xcode/DerivedData/KoveMirror-eiyrdqhxjcisltgtjsqoddvdyotc/Build/Products/Debug-iphonesimulator/KoveMirrorBroadcast.swiftmodule/arm64-apple-ios-simulator.swiftdoc

Copy /Users/krzysztofkajkowski/Library/Developer/Xcode/DerivedData/KoveMirror-eiyrdqhxjcisltgtjsqoddvdyotc/Build/Products/Debug-iphonesimulator/KoveMirrorBroadcast.swiftmodule/Project/arm64-apple-ios-simulator.swiftsourceinfo /Users/krzysztofkajkowski/Library/Developer/Xcode/DerivedData/KoveMirror-eiyrdqhxjcisltgtjsqoddvdyotc/Build/Intermediates.noindex/KoveMirror.build/Debug-iphonesimulator/KoveMirrorBroadcast.build/Objects-normal/arm64/KoveMirrorBroadcast.swiftsourceinfo (in target 'KoveMirrorBroadcast' from project 'KoveMirror')
    cd /Users/krzysztofkajkowski/.gemini/antigravity/scratch/KoveMirror
    builtin-copy -exclude .DS_Store -exclude CVS -exclude .svn -exclude .git -exclude .hg -resolve-src-symlinks -rename /Users/krzysztofkajkowski/Library/Developer/Xcode/DerivedData/KoveMirror-eiyrdqhxjcisltgtjsqoddvdyotc/Build/Intermediates.noindex/KoveMirror.build/Debug-iphonesimulator/KoveMirrorBroadcast.build/Objects-normal/arm64/KoveMirrorBroadcast.swiftsourceinfo /Users/krzysztofkajkowski/Library/Developer/Xcode/DerivedData/KoveMirror-eiyrdqhxjcisltgtjsqoddvdyotc/Build/Products/Debug-iphonesimulator/KoveMirrorBroadcast.swiftmodule/Project/arm64-apple-ios-simulator.swiftsourceinfo

ProcessProductPackaging /Users/krzysztofkajkowski/.gemini/antigravity/scratch/KoveMirror/KoveMirror/KoveMirror.entitlements /Users/krzysztofkajkowski/Library/Developer/Xcode/DerivedData/KoveMirror-eiyrdqhxjcisltgtjsqoddvdyotc/Build/Intermediates.noindex/KoveMirror.build/Debug-iphonesimulator/KoveMirror.build/KoveMirror.app-Simulated.xcent (in target 'KoveMirror' from project 'KoveMirror')
    cd /Users/krzysztofkajkowski/.gemini/antigravity/scratch/KoveMirror
    
    Entitlements:
    
    {
    "application-identifier" = "VHJK7GS6R7.pl.cayco.kovemirror.ios";
    "com.apple.security.application-groups" =     (
        "group.pl.cayco.kovemirror.ios"
    );
}
    
    builtin-productPackagingUtility /Users/krzysztofkajkowski/.gemini/antigravity/scratch/KoveMirror/KoveMirror/KoveMirror.entitlements -entitlements -format xml -o /Users/krzysztofkajkowski/Library/Developer/Xcode/DerivedData/KoveMirror-eiyrdqhxjcisltgtjsqoddvdyotc/Build/Intermediates.noindex/KoveMirror.build/Debug-iphonesimulator/KoveMirror.build/KoveMirror.app-Simulated.xcent

ProcessProductPackaging /Users/krzysztofkajkowski/.gemini/antigravity/scratch/KoveMirror/KoveMirror/KoveMirror.entitlements /Users/krzysztofkajkowski/Library/Developer/Xcode/DerivedData/KoveMirror-eiyrdqhxjcisltgtjsqoddvdyotc/Build/Intermediates.noindex/KoveMirror.build/Debug-iphonesimulator/KoveMirror.build/KoveMirror.app.xcent (in target 'KoveMirror' from project 'KoveMirror')
    cd /Users/krzysztofkajkowski/.gemini/antigravity/scratch/KoveMirror
    
    Entitlements:
    
    {
}
    
    builtin-productPackagingUtility /Users/krzysztofkajkowski/.gemini/antigravity/scratch/KoveMirror/KoveMirror/KoveMirror.entitlements -entitlements -format xml -o /Users/krzysztofkajkowski/Library/Developer/Xcode/DerivedData/KoveMirror-eiyrdqhxjcisltgtjsqoddvdyotc/Build/Intermediates.noindex/KoveMirror.build/Debug-iphonesimulator/KoveMirror.build/KoveMirror.app.xcent

ProcessProductPackagingDER /Users/krzysztofkajkowski/Library/Developer/Xcode/DerivedData/KoveMirror-eiyrdqhxjcisltgtjsqoddvdyotc/Build/Intermediates.noindex/KoveMirror.build/Debug-iphonesimulator/KoveMirror.build/KoveMirror.app.xcent /Users/krzysztofkajkowski/Library/Developer/Xcode/DerivedData/KoveMirror-eiyrdqhxjcisltgtjsqoddvdyotc/Build/Intermediates.noindex/KoveMirror.build/Debug-iphonesimulator/KoveMirror.build/KoveMirror.app.xcent.der (in target 'KoveMirror' from project 'KoveMirror')
    cd /Users/krzysztofkajkowski/.gemini/antigravity/scratch/KoveMirror
    /usr/bin/derq query -f xml -i /Users/krzysztofkajkowski/Library/Developer/Xcode/DerivedData/KoveMirror-eiyrdqhxjcisltgtjsqoddvdyotc/Build/Intermediates.noindex/KoveMirror.build/Debug-iphonesimulator/KoveMirror.build/KoveMirror.app.xcent -o /Users/krzysztofkajkowski/Library/Developer/Xcode/DerivedData/KoveMirror-eiyrdqhxjcisltgtjsqoddvdyotc/Build/Intermediates.noindex/KoveMirror.build/Debug-iphonesimulator/KoveMirror.build/KoveMirror.app.xcent.der --raw

ProcessProductPackagingDER /Users/krzysztofkajkowski/Library/Developer/Xcode/DerivedData/KoveMirror-eiyrdqhxjcisltgtjsqoddvdyotc/Build/Intermediates.noindex/KoveMirror.build/Debug-iphonesimulator/KoveMirror.build/KoveMirror.app-Simulated.xcent /Users/krzysztofkajkowski/Library/Developer/Xcode/DerivedData/KoveMirror-eiyrdqhxjcisltgtjsqoddvdyotc/Build/Intermediates.noindex/KoveMirror.build/Debug-iphonesimulator/KoveMirror.build/KoveMirror.app-Simulated.xcent.der (in target 'KoveMirror' from project 'KoveMirror')
    cd /Users/krzysztofkajkowski/.gemini/antigravity/scratch/KoveMirror
    /usr/bin/derq query -f xml -i /Users/krzysztofkajkowski/Library/Developer/Xcode/DerivedData/KoveMirror-eiyrdqhxjcisltgtjsqoddvdyotc/Build/Intermediates.noindex/KoveMirror.build/Debug-iphonesimulator/KoveMirror.build/KoveMirror.app-Simulated.xcent -o /Users/krzysztofkajkowski/Library/Developer/Xcode/DerivedData/KoveMirror-eiyrdqhxjcisltgtjsqoddvdyotc/Build/Intermediates.noindex/KoveMirror.build/Debug-iphonesimulator/KoveMirror.build/KoveMirror.app-Simulated.xcent.der --raw

MkDir /Users/krzysztofkajkowski/Library/Developer/Xcode/DerivedData/KoveMirror-eiyrdqhxjcisltgtjsqoddvdyotc/Build/Intermediates.noindex/KoveMirror.build/Debug-iphonesimulator/KoveMirror.build/assetcatalog_output/thinned (in target 'KoveMirror' from project 'KoveMirror')
    cd /Users/krzysztofkajkowski/.gemini/antigravity/scratch/KoveMirror
    /bin/mkdir -p /Users/krzysztofkajkowski/Library/Developer/Xcode/DerivedData/KoveMirror-eiyrdqhxjcisltgtjsqoddvdyotc/Build/Intermediates.noindex/KoveMirror.build/Debug-iphonesimulator/KoveMirror.build/assetcatalog_output/thinned

GenerateAssetSymbols /Users/krzysztofkajkowski/.gemini/antigravity/scratch/KoveMirror/KoveMirror/Assets.xcassets (in target 'KoveMirror' from project 'KoveMirror')
    cd /Users/krzysztofkajkowski/.gemini/antigravity/scratch/KoveMirror
    /Applications/Xcode.app/Contents/Developer/usr/bin/actool /Users/krzysztofkajkowski/.gemini/antigravity/scratch/KoveMirror/KoveMirror/Assets.xcassets --compile /Users/krzysztofkajkowski/Library/Developer/Xcode/DerivedData/KoveMirror-eiyrdqhxjcisltgtjsqoddvdyotc/Build/Products/Debug-iphonesimulator/KoveMirror.app --output-format human-readable-text --notices --warnings --export-dependency-info /Users/krzysztofkajkowski/Library/Developer/Xcode/DerivedData/KoveMirror-eiyrdqhxjcisltgtjsqoddvdyotc/Build/Intermediates.noindex/KoveMirror.build/Debug-iphonesimulator/KoveMirror.build/assetcatalog_dependencies --output-partial-info-plist /Users/krzysztofkajkowski/Library/Developer/Xcode/DerivedData/KoveMirror-eiyrdqhxjcisltgtjsqoddvdyotc/Build/Intermediates.noindex/KoveMirror.build/Debug-iphonesimulator/KoveMirror.build/assetcatalog_generated_info.plist --app-icon AppIcon --compress-pngs --enable-on-demand-resources YES --development-region en --target-device iphone --target-device ipad --minimum-deployment-target 16.0 --platform iphonesimulator --bundle-identifier pl.cayco.kovemirror.ios --generate-swift-asset-symbol-extensions NO --generate-swift-asset-symbols /Users/krzysztofkajkowski/Library/Developer/Xcode/DerivedData/KoveMirror-eiyrdqhxjcisltgtjsqoddvdyotc/Build/Intermediates.noindex/KoveMirror.build/Debug-iphonesimulator/KoveMirror.build/DerivedSources/GeneratedAssetSymbols.swift --generate-objc-asset-symbols /Users/krzysztofkajkowski/Library/Developer/Xcode/DerivedData/KoveMirror-eiyrdqhxjcisltgtjsqoddvdyotc/Build/Intermediates.noindex/KoveMirror.build/Debug-iphonesimulator/KoveMirror.build/DerivedSources/GeneratedAssetSymbols.h --generate-asset-symbol-index /Users/krzysztofkajkowski/Library/Developer/Xcode/DerivedData/KoveMirror-eiyrdqhxjcisltgtjsqoddvdyotc/Build/Intermediates.noindex/KoveMirror.build/Debug-iphonesimulator/KoveMirror.build/DerivedSources/GeneratedAssetSymbols-Index.plist
/* com.apple.actool.compilation-results */
/Users/krzysztofkajkowski/Library/Developer/Xcode/DerivedData/KoveMirror-eiyrdqhxjcisltgtjsqoddvdyotc/Build/Intermediates.noindex/KoveMirror.build/Debug-iphonesimulator/KoveMirror.build/DerivedSources/GeneratedAssetSymbols-Index.plist
/Users/krzysztofkajkowski/Library/Developer/Xcode/DerivedData/KoveMirror-eiyrdqhxjcisltgtjsqoddvdyotc/Build/Intermediates.noindex/KoveMirror.build/Debug-iphonesimulator/KoveMirror.build/DerivedSources/GeneratedAssetSymbols.h
/Users/krzysztofkajkowski/Library/Developer/Xcode/DerivedData/KoveMirror-eiyrdqhxjcisltgtjsqoddvdyotc/Build/Intermediates.noindex/KoveMirror.build/Debug-iphonesimulator/KoveMirror.build/DerivedSources/GeneratedAssetSymbols.swift


MkDir /Users/krzysztofkajkowski/Library/Developer/Xcode/DerivedData/KoveMirror-eiyrdqhxjcisltgtjsqoddvdyotc/Build/Intermediates.noindex/KoveMirror.build/Debug-iphonesimulator/KoveMirror.build/assetcatalog_output/unthinned (in target 'KoveMirror' from project 'KoveMirror')
    cd /Users/krzysztofkajkowski/.gemini/antigravity/scratch/KoveMirror
    /bin/mkdir -p /Users/krzysztofkajkowski/Library/Developer/Xcode/DerivedData/KoveMirror-eiyrdqhxjcisltgtjsqoddvdyotc/Build/Intermediates.noindex/KoveMirror.build/Debug-iphonesimulator/KoveMirror.build/assetcatalog_output/unthinned

CompileAssetCatalogVariant thinned /Users/krzysztofkajkowski/Library/Developer/Xcode/DerivedData/KoveMirror-eiyrdqhxjcisltgtjsqoddvdyotc/Build/Products/Debug-iphonesimulator/KoveMirror.app /Users/krzysztofkajkowski/.gemini/antigravity/scratch/KoveMirror/KoveMirror/Assets.xcassets (in target 'KoveMirror' from project 'KoveMirror')
    cd /Users/krzysztofkajkowski/.gemini/antigravity/scratch/KoveMirror
    /Applications/Xcode.app/Contents/Developer/usr/bin/actool /Users/krzysztofkajkowski/.gemini/antigravity/scratch/KoveMirror/KoveMirror/Assets.xcassets --compile /Users/krzysztofkajkowski/Library/Developer/Xcode/DerivedData/KoveMirror-eiyrdqhxjcisltgtjsqoddvdyotc/Build/Intermediates.noindex/KoveMirror.build/Debug-iphonesimulator/KoveMirror.build/assetcatalog_output/thinned --output-format human-readable-text --notices --warnings --export-dependency-info /Users/krzysztofkajkowski/Library/Developer/Xcode/DerivedData/KoveMirror-eiyrdqhxjcisltgtjsqoddvdyotc/Build/Intermediates.noindex/KoveMirror.build/Debug-iphonesimulator/KoveMirror.build/assetcatalog_dependencies_thinned --output-partial-info-plist /Users/krzysztofkajkowski/Library/Developer/Xcode/DerivedData/KoveMirror-eiyrdqhxjcisltgtjsqoddvdyotc/Build/Intermediates.noindex/KoveMirror.build/Debug-iphonesimulator/KoveMirror.build/assetcatalog_generated_info.plist_thinned --app-icon AppIcon --compress-pngs --enable-on-demand-resources YES --filter-for-thinning-device-configuration iPhone18,3 --filter-for-device-os-version 26.5 --development-region en --target-device iphone --target-device ipad --minimum-deployment-target 16.0 --platform iphonesimulator
/* com.apple.actool.compilation-results */
/Users/krzysztofkajkowski/Library/Developer/Xcode/DerivedData/KoveMirror-eiyrdqhxjcisltgtjsqoddvdyotc/Build/Intermediates.noindex/KoveMirror.build/Debug-iphonesimulator/KoveMirror.build/assetcatalog_generated_info.plist_thinned
/Users/krzysztofkajkowski/Library/Developer/Xcode/DerivedData/KoveMirror-eiyrdqhxjcisltgtjsqoddvdyotc/Build/Intermediates.noindex/KoveMirror.build/Debug-iphonesimulator/KoveMirror.build/assetcatalog_output/thinned/AppIcon60x60@2x.png
/Users/krzysztofkajkowski/Library/Developer/Xcode/DerivedData/KoveMirror-eiyrdqhxjcisltgtjsqoddvdyotc/Build/Intermediates.noindex/KoveMirror.build/Debug-iphonesimulator/KoveMirror.build/assetcatalog_output/thinned/AppIcon76x76@2x~ipad.png
/Users/krzysztofkajkowski/Library/Developer/Xcode/DerivedData/KoveMirror-eiyrdqhxjcisltgtjsqoddvdyotc/Build/Intermediates.noindex/KoveMirror.build/Debug-iphonesimulator/KoveMirror.build/assetcatalog_output/thinned/Assets.car


SwiftDriver KoveMirror normal arm64 com.apple.xcode.tools.swift.compiler (in target 'KoveMirror' from project 'KoveMirror')
    cd /Users/krzysztofkajkowski/.gemini/antigravity/scratch/KoveMirror
    builtin-SwiftDriver -- /Applications/Xcode.app/Contents/Developer/Toolchains/XcodeDefault.xctoolchain/usr/bin/swiftc -module-name KoveMirror -Onone @/Users/krzysztofkajkowski/Library/Developer/Xcode/DerivedData/KoveMirror-eiyrdqhxjcisltgtjsqoddvdyotc/Build/Intermediates.noindex/KoveMirror.build/Debug-iphonesimulator/KoveMirror.build/Objects-normal/arm64/KoveMirror.SwiftFileList -DDEBUG -enable-bare-slash-regex -enable-experimental-feature DebugDescriptionMacro -sdk /Applications/Xcode.app/Contents/Developer/Platforms/iPhoneSimulator.platform/Developer/SDKs/iPhoneSimulator26.5.sdk -target arm64-apple-ios16.0-simulator -g -module-cache-path /Users/krzysztofkajkowski/Library/Developer/Xcode/DerivedData/ModuleCache.noindex -Xfrontend -serialize-debugging-options -enable-testing -index-store-path /Users/krzysztofkajkowski/Library/Developer/Xcode/DerivedData/KoveMirror-eiyrdqhxjcisltgtjsqoddvdyotc/Index.noindex/DataStore -Xcc -D_LIBCPP_HARDENING_MODE\=_LIBCPP_HARDENING_MODE_DEBUG -swift-version 5 -I /Users/krzysztofkajkowski/Library/Developer/Xcode/DerivedData/KoveMirror-eiyrdqhxjcisltgtjsqoddvdyotc/Build/Products/Debug-iphonesimulator -F /Users/krzysztofkajkowski/Library/Developer/Xcode/DerivedData/KoveMirror-eiyrdqhxjcisltgtjsqoddvdyotc/Build/Products/Debug-iphonesimulator -emit-localized-strings -emit-localized-strings-path /Users/krzysztofkajkowski/Library/Developer/Xcode/DerivedData/KoveMirror-eiyrdqhxjcisltgtjsqoddvdyotc/Build/Intermediates.noindex/KoveMirror.build/Debug-iphonesimulator/KoveMirror.build/Objects-normal/arm64 -c -j10 -enable-batch-mode -incremental -Xcc -ivfsstatcache -Xcc /Users/krzysztofkajkowski/Library/Developer/Xcode/DerivedData/SDKStatCaches.noindex/iphonesimulator26.5-23F81a-6cfe768891a92b912361537c460fe42b.sdkstatcache -output-file-map /Users/krzysztofkajkowski/Library/Developer/Xcode/DerivedData/KoveMirror-eiyrdqhxjcisltgtjsqoddvdyotc/Build/Intermediates.noindex/KoveMirror.build/Debug-iphonesimulator/KoveMirror.build/Objects-normal/arm64/KoveMirror-OutputFileMap.json -use-frontend-parseable-output -save-temps -no-color-diagnostics -explicit-module-build -module-cache-path /Users/krzysztofkajkowski/Library/Developer/Xcode/DerivedData/KoveMirror-eiyrdqhxjcisltgtjsqoddvdyotc/Build/Intermediates.noindex/SwiftExplicitPrecompiledModules -clang-scanner-module-cache-path /Users/krzysztofkajkowski/Library/Developer/Xcode/DerivedData/ModuleCache.noindex -sdk-module-cache-path /Users/krzysztofkajkowski/Library/Developer/Xcode/DerivedData/ModuleCache.noindex -serialize-diagnostics -emit-dependencies -emit-module -emit-module-path /Users/krzysztofkajkowski/Library/Developer/Xcode/DerivedData/KoveMirror-eiyrdqhxjcisltgtjsqoddvdyotc/Build/Intermediates.noindex/KoveMirror.build/Debug-iphonesimulator/KoveMirror.build/Objects-normal/arm64/KoveMirror.swiftmodule -validate-clang-modules-once -clang-build-session-file /Users/krzysztofkajkowski/Library/Developer/Xcode/DerivedData/ModuleCache.noindex/Session.modulevalidation -Xcc -I/Users/krzysztofkajkowski/Library/Developer/Xcode/DerivedData/KoveMirror-eiyrdqhxjcisltgtjsqoddvdyotc/Build/Intermediates.noindex/KoveMirror.build/Debug-iphonesimulator/KoveMirror.build/swift-overrides.hmap -emit-const-values -Xfrontend -const-gather-protocols-file -Xfrontend /Users/krzysztofkajkowski/Library/Developer/Xcode/DerivedData/KoveMirror-eiyrdqhxjcisltgtjsqoddvdyotc/Build/Intermediates.noindex/KoveMirror.build/Debug-iphonesimulator/KoveMirror.build/Objects-normal/arm64/KoveMirror_const_extract_protocols.json -Xcc -iquote -Xcc /Users/krzysztofkajkowski/Library/Developer/Xcode/DerivedData/KoveMirror-eiyrdqhxjcisltgtjsqoddvdyotc/Build/Intermediates.noindex/KoveMirror.build/Debug-iphonesimulator/KoveMirror.build/KoveMirror-generated-files.hmap -Xcc -I/Users/krzysztofkajkowski/Library/Developer/Xcode/DerivedData/KoveMirror-eiyrdqhxjcisltgtjsqoddvdyotc/Build/Intermediates.noindex/KoveMirror.build/Debug-iphonesimulator/KoveMirror.build/KoveMirror-own-target-headers.hmap -Xcc -I/Users/krzysztofkajkowski/Library/Developer/Xcode/DerivedData/KoveMirror-eiyrdqhxjcisltgtjsqoddvdyotc/Build/Intermediates.noindex/KoveMirror.build/Debug-iphonesimulator/KoveMirror.build/KoveMirror-all-target-headers.hmap -Xcc -iquote -Xcc /Users/krzysztofkajkowski/Library/Developer/Xcode/DerivedData/KoveMirror-eiyrdqhxjcisltgtjsqoddvdyotc/Build/Intermediates.noindex/KoveMirror.build/Debug-iphonesimulator/KoveMirror.build/KoveMirror-project-headers.hmap -Xcc -I/Users/krzysztofkajkowski/Library/Developer/Xcode/DerivedData/KoveMirror-eiyrdqhxjcisltgtjsqoddvdyotc/Build/Products/Debug-iphonesimulator/include -Xcc -I/Users/krzysztofkajkowski/Library/Developer/Xcode/DerivedData/KoveMirror-eiyrdqhxjcisltgtjsqoddvdyotc/Build/Intermediates.noindex/KoveMirror.build/Debug-iphonesimulator/KoveMirror.build/DerivedSources-normal/arm64 -Xcc -I/Users/krzysztofkajkowski/Library/Developer/Xcode/DerivedData/KoveMirror-eiyrdqhxjcisltgtjsqoddvdyotc/Build/Intermediates.noindex/KoveMirror.build/Debug-iphonesimulator/KoveMirror.build/DerivedSources/arm64 -Xcc -I/Users/krzysztofkajkowski/Library/Developer/Xcode/DerivedData/KoveMirror-eiyrdqhxjcisltgtjsqoddvdyotc/Build/Intermediates.noindex/KoveMirror.build/Debug-iphonesimulator/KoveMirror.build/DerivedSources -Xcc -DDEBUG\=1 -emit-objc-header -emit-objc-header-path /Users/krzysztofkajkowski/Library/Developer/Xcode/DerivedData/KoveMirror-eiyrdqhxjcisltgtjsqoddvdyotc/Build/Intermediates.noindex/KoveMirror.build/Debug-iphonesimulator/KoveMirror.build/Objects-normal/arm64/KoveMirror-Swift.h -working-directory /Users/krzysztofkajkowski/.gemini/antigravity/scratch/KoveMirror -experimental-emit-module-separately -disable-cmo

SwiftDriverJobDiscovery normal arm64 Compiling SampleHandler.swift (in target 'KoveMirrorBroadcast' from project 'KoveMirror')

SwiftDriver\ Compilation KoveMirrorBroadcast normal arm64 com.apple.xcode.tools.swift.compiler (in target 'KoveMirrorBroadcast' from project 'KoveMirror')
    cd /Users/krzysztofkajkowski/.gemini/antigravity/scratch/KoveMirror
    builtin-Swift-Compilation -- /Applications/Xcode.app/Contents/Developer/Toolchains/XcodeDefault.xctoolchain/usr/bin/swiftc -module-name KoveMirrorBroadcast -Onone @/Users/krzysztofkajkowski/Library/Developer/Xcode/DerivedData/KoveMirror-eiyrdqhxjcisltgtjsqoddvdyotc/Build/Intermediates.noindex/KoveMirror.build/Debug-iphonesimulator/KoveMirrorBroadcast.build/Objects-normal/arm64/KoveMirrorBroadcast.SwiftFileList -DDEBUG -enable-bare-slash-regex -enable-experimental-feature DebugDescriptionMacro -sdk /Applications/Xcode.app/Contents/Developer/Platforms/iPhoneSimulator.platform/Developer/SDKs/iPhoneSimulator26.5.sdk -target arm64-apple-ios16.0-simulator -g -module-cache-path /Users/krzysztofkajkowski/Library/Developer/Xcode/DerivedData/ModuleCache.noindex -Xfrontend -serialize-debugging-options -application-extension -enable-testing -index-store-path /Users/krzysztofkajkowski/Library/Developer/Xcode/DerivedData/KoveMirror-eiyrdqhxjcisltgtjsqoddvdyotc/Index.noindex/DataStore -Xcc -D_LIBCPP_HARDENING_MODE\=_LIBCPP_HARDENING_MODE_DEBUG -swift-version 5 -I /Users/krzysztofkajkowski/Library/Developer/Xcode/DerivedData/KoveMirror-eiyrdqhxjcisltgtjsqoddvdyotc/Build/Products/Debug-iphonesimulator -F /Users/krzysztofkajkowski/Library/Developer/Xcode/DerivedData/KoveMirror-eiyrdqhxjcisltgtjsqoddvdyotc/Build/Products/Debug-iphonesimulator -parse-as-library -c -j10 -enable-batch-mode -incremental -Xcc -ivfsstatcache -Xcc /Users/krzysztofkajkowski/Library/Developer/Xcode/DerivedData/SDKStatCaches.noindex/iphonesimulator26.5-23F81a-6cfe768891a92b912361537c460fe42b.sdkstatcache -output-file-map /Users/krzysztofkajkowski/Library/Developer/Xcode/DerivedData/KoveMirror-eiyrdqhxjcisltgtjsqoddvdyotc/Build/Intermediates.noindex/KoveMirror.build/Debug-iphonesimulator/KoveMirrorBroadcast.build/Objects-normal/arm64/KoveMirrorBroadcast-OutputFileMap.json -use-frontend-parseable-output -save-temps -no-color-diagnostics -explicit-module-build -module-cache-path /Users/krzysztofkajkowski/Library/Developer/Xcode/DerivedData/KoveMirror-eiyrdqhxjcisltgtjsqoddvdyotc/Build/Intermediates.noindex/SwiftExplicitPrecompiledModules -clang-scanner-module-cache-path /Users/krzysztofkajkowski/Library/Developer/Xcode/DerivedData/ModuleCache.noindex -sdk-module-cache-path /Users/krzysztofkajkowski/Library/Developer/Xcode/DerivedData/ModuleCache.noindex -serialize-diagnostics -emit-dependencies -emit-module -emit-module-path /Users/krzysztofkajkowski/Library/Developer/Xcode/DerivedData/KoveMirror-eiyrdqhxjcisltgtjsqoddvdyotc/Build/Intermediates.noindex/KoveMirror.build/Debug-iphonesimulator/KoveMirrorBroadcast.build/Objects-normal/arm64/KoveMirrorBroadcast.swiftmodule -validate-clang-modules-once -clang-build-session-file /Users/krzysztofkajkowski/Library/Developer/Xcode/DerivedData/ModuleCache.noindex/Session.modulevalidation -Xcc -I/Users/krzysztofkajkowski/Library/Developer/Xcode/DerivedData/KoveMirror-eiyrdqhxjcisltgtjsqoddvdyotc/Build/Intermediates.noindex/KoveMirror.build/Debug-iphonesimulator/KoveMirrorBroadcast.build/swift-overrides.hmap -emit-const-values -Xfrontend -const-gather-protocols-file -Xfrontend /Users/krzysztofkajkowski/Library/Developer/Xcode/DerivedData/KoveMirror-eiyrdqhxjcisltgtjsqoddvdyotc/Build/Intermediates.noindex/KoveMirror.build/Debug-iphonesimulator/KoveMirrorBroadcast.build/Objects-normal/arm64/KoveMirrorBroadcast_const_extract_protocols.json -Xcc -iquote -Xcc /Users/krzysztofkajkowski/Library/Developer/Xcode/DerivedData/KoveMirror-eiyrdqhxjcisltgtjsqoddvdyotc/Build/Intermediates.noindex/KoveMirror.build/Debug-iphonesimulator/KoveMirrorBroadcast.build/KoveMirrorBroadcast-generated-files.hmap -Xcc -I/Users/krzysztofkajkowski/Library/Developer/Xcode/DerivedData/KoveMirror-eiyrdqhxjcisltgtjsqoddvdyotc/Build/Intermediates.noindex/KoveMirror.build/Debug-iphonesimulator/KoveMirrorBroadcast.build/KoveMirrorBroadcast-own-target-headers.hmap -Xcc -I/Users/krzysztofkajkowski/Library/Developer/Xcode/DerivedData/KoveMirror-eiyrdqhxjcisltgtjsqoddvdyotc/Build/Intermediates.noindex/KoveMirror.build/Debug-iphonesimulator/KoveMirrorBroadcast.build/KoveMirrorBroadcast-all-target-headers.hmap -Xcc -iquote -Xcc /Users/krzysztofkajkowski/Library/Developer/Xcode/DerivedData/KoveMirror-eiyrdqhxjcisltgtjsqoddvdyotc/Build/Intermediates.noindex/KoveMirror.build/Debug-iphonesimulator/KoveMirrorBroadcast.build/KoveMirrorBroadcast-project-headers.hmap -Xcc -I/Users/krzysztofkajkowski/Library/Developer/Xcode/DerivedData/KoveMirror-eiyrdqhxjcisltgtjsqoddvdyotc/Build/Products/Debug-iphonesimulator/include -Xcc -I/Users/krzysztofkajkowski/Library/Developer/Xcode/DerivedData/KoveMirror-eiyrdqhxjcisltgtjsqoddvdyotc/Build/Intermediates.noindex/KoveMirror.build/Debug-iphonesimulator/KoveMirrorBroadcast.build/DerivedSources-normal/arm64 -Xcc -I/Users/krzysztofkajkowski/Library/Developer/Xcode/DerivedData/KoveMirror-eiyrdqhxjcisltgtjsqoddvdyotc/Build/Intermediates.noindex/KoveMirror.build/Debug-iphonesimulator/KoveMirrorBroadcast.build/DerivedSources/arm64 -Xcc -I/Users/krzysztofkajkowski/Library/Developer/Xcode/DerivedData/KoveMirror-eiyrdqhxjcisltgtjsqoddvdyotc/Build/Intermediates.noindex/KoveMirror.build/Debug-iphonesimulator/KoveMirrorBroadcast.build/DerivedSources -Xcc -DDEBUG\=1 -emit-objc-header -emit-objc-header-path /Users/krzysztofkajkowski/Library/Developer/Xcode/DerivedData/KoveMirror-eiyrdqhxjcisltgtjsqoddvdyotc/Build/Intermediates.noindex/KoveMirror.build/Debug-iphonesimulator/KoveMirrorBroadcast.build/Objects-normal/arm64/KoveMirrorBroadcast-Swift.h -working-directory /Users/krzysztofkajkowski/.gemini/antigravity/scratch/KoveMirror -experimental-emit-module-separately -disable-cmo

Ld /Users/krzysztofkajkowski/Library/Developer/Xcode/DerivedData/KoveMirror-eiyrdqhxjcisltgtjsqoddvdyotc/Build/Products/Debug-iphonesimulator/KoveMirrorBroadcast.appex/KoveMirrorBroadcast.debug.dylib normal (in target 'KoveMirrorBroadcast' from project 'KoveMirror')
    cd /Users/krzysztofkajkowski/.gemini/antigravity/scratch/KoveMirror
    /Applications/Xcode.app/Contents/Developer/Toolchains/XcodeDefault.xctoolchain/usr/bin/clang -Xlinker -reproducible -target arm64-apple-ios16.0-simulator -dynamiclib -isysroot /Applications/Xcode.app/Contents/Developer/Platforms/iPhoneSimulator.platform/Developer/SDKs/iPhoneSimulator26.5.sdk -O0 -L/Users/krzysztofkajkowski/Library/Developer/Xcode/DerivedData/KoveMirror-eiyrdqhxjcisltgtjsqoddvdyotc/Build/Intermediates.noindex/EagerLinkingTBDs/Debug-iphonesimulator -L/Users/krzysztofkajkowski/Library/Developer/Xcode/DerivedData/KoveMirror-eiyrdqhxjcisltgtjsqoddvdyotc/Build/Products/Debug-iphonesimulator -F/Users/krzysztofkajkowski/Library/Developer/Xcode/DerivedData/KoveMirror-eiyrdqhxjcisltgtjsqoddvdyotc/Build/Intermediates.noindex/EagerLinkingTBDs/Debug-iphonesimulator -F/Users/krzysztofkajkowski/Library/Developer/Xcode/DerivedData/KoveMirror-eiyrdqhxjcisltgtjsqoddvdyotc/Build/Products/Debug-iphonesimulator -filelist /Users/krzysztofkajkowski/Library/Developer/Xcode/DerivedData/KoveMirror-eiyrdqhxjcisltgtjsqoddvdyotc/Build/Intermediates.noindex/KoveMirror.build/Debug-iphonesimulator/KoveMirrorBroadcast.build/Objects-normal/arm64/KoveMirrorBroadcast.LinkFileList -install_name @rpath/KoveMirrorBroadcast.debug.dylib -Xlinker -rpath -Xlinker /usr/lib/swift -Xlinker -dead_strip -Xlinker -object_path_lto -Xlinker /Users/krzysztofkajkowski/Library/Developer/Xcode/DerivedData/KoveMirror-eiyrdqhxjcisltgtjsqoddvdyotc/Build/Intermediates.noindex/KoveMirror.build/Debug-iphonesimulator/KoveMirrorBroadcast.build/Objects-normal/arm64/KoveMirrorBroadcast_lto.o -rdynamic -Xlinker -no_deduplicate -Xlinker -objc_abi_version -Xlinker 2 -Xlinker -dependency_info -Xlinker /Users/krzysztofkajkowski/Library/Developer/Xcode/DerivedData/KoveMirror-eiyrdqhxjcisltgtjsqoddvdyotc/Build/Intermediates.noindex/KoveMirror.build/Debug-iphonesimulator/KoveMirrorBroadcast.build/Objects-normal/arm64/KoveMirrorBroadcast_dependency_info.dat -fapplication-extension -fobjc-link-runtime -L/Applications/Xcode.app/Contents/Developer/Toolchains/XcodeDefault.xctoolchain/usr/lib/swift/iphonesimulator -L/usr/lib/swift -Xlinker -add_ast_path -Xlinker /Users/krzysztofkajkowski/Library/Developer/Xcode/DerivedData/KoveMirror-eiyrdqhxjcisltgtjsqoddvdyotc/Build/Intermediates.noindex/KoveMirror.build/Debug-iphonesimulator/KoveMirrorBroadcast.build/Objects-normal/arm64/KoveMirrorBroadcast.swiftmodule @/Users/krzysztofkajkowski/Library/Developer/Xcode/DerivedData/KoveMirror-eiyrdqhxjcisltgtjsqoddvdyotc/Build/Intermediates.noindex/KoveMirror.build/Debug-iphonesimulator/KoveMirrorBroadcast.build/Objects-normal/arm64/KoveMirrorBroadcast-linker-args.resp -Xlinker -alias -Xlinker _NSExtensionMain -Xlinker ___debug_main_executable_dylib_entry_point -Xlinker -no_adhoc_codesign -o /Users/krzysztofkajkowski/Library/Developer/Xcode/DerivedData/KoveMirror-eiyrdqhxjcisltgtjsqoddvdyotc/Build/Products/Debug-iphonesimulator/KoveMirrorBroadcast.appex/KoveMirrorBroadcast.debug.dylib

SwiftCompile normal arm64 Compiling\ LogsView.swift,\ KoveProtocol.swift /Users/krzysztofkajkowski/.gemini/antigravity/scratch/KoveMirror/KoveMirror/LogsView.swift /Users/krzysztofkajkowski/.gemini/antigravity/scratch/KoveMirror/KoveMirror/KoveProtocol.swift (in target 'KoveMirror' from project 'KoveMirror')

SwiftCompile normal arm64 /Users/krzysztofkajkowski/.gemini/antigravity/scratch/KoveMirror/KoveMirror/LogsView.swift (in target 'KoveMirror' from project 'KoveMirror')
    cd /Users/krzysztofkajkowski/.gemini/antigravity/scratch/KoveMirror
    

SwiftCompile normal arm64 /Users/krzysztofkajkowski/.gemini/antigravity/scratch/KoveMirror/KoveMirror/KoveProtocol.swift (in target 'KoveMirror' from project 'KoveMirror')
    cd /Users/krzysztofkajkowski/.gemini/antigravity/scratch/KoveMirror
    

SwiftCompile normal arm64 Compiling\ KoveBLEManager.swift /Users/krzysztofkajkowski/.gemini/antigravity/scratch/KoveMirror/KoveMirror/KoveBLEManager.swift (in target 'KoveMirror' from project 'KoveMirror')

SwiftCompile normal arm64 /Users/krzysztofkajkowski/.gemini/antigravity/scratch/KoveMirror/KoveMirror/KoveBLEManager.swift (in target 'KoveMirror' from project 'KoveMirror')
    cd /Users/krzysztofkajkowski/.gemini/antigravity/scratch/KoveMirror
    

SwiftCompile normal arm64 Compiling\ KoveMirrorApp.swift,\ ContentView.swift /Users/krzysztofkajkowski/.gemini/antigravity/scratch/KoveMirror/KoveMirror/KoveMirrorApp.swift /Users/krzysztofkajkowski/.gemini/antigravity/scratch/KoveMirror/KoveMirror/ContentView.swift (in target 'KoveMirror' from project 'KoveMirror')

SwiftCompile normal arm64 /Users/krzysztofkajkowski/.gemini/antigravity/scratch/KoveMirror/KoveMirror/KoveMirrorApp.swift (in target 'KoveMirror' from project 'KoveMirror')
    cd /Users/krzysztofkajkowski/.gemini/antigravity/scratch/KoveMirror
    

SwiftCompile normal arm64 /Users/krzysztofkajkowski/.gemini/antigravity/scratch/KoveMirror/KoveMirror/ContentView.swift (in target 'KoveMirror' from project 'KoveMirror')
    cd /Users/krzysztofkajkowski/.gemini/antigravity/scratch/KoveMirror
    

SwiftCompile normal arm64 Compiling\ NavigationMirrorView.swift,\ SettingsView.swift /Users/krzysztofkajkowski/.gemini/antigravity/scratch/KoveMirror/KoveMirror/NavigationMirrorView.swift /Users/krzysztofkajkowski/.gemini/antigravity/scratch/KoveMirror/KoveMirror/SettingsView.swift (in target 'KoveMirror' from project 'KoveMirror')
SwiftCompile normal arm64 /Users/krzysztofkajkowski/.gemini/antigravity/scratch/KoveMirror/KoveMirror/NavigationMirrorView.swift (in target 'KoveMirror' from project 'KoveMirror')
    cd /Users/krzysztofkajkowski/.gemini/antigravity/scratch/KoveMirror
    

SwiftCompile normal arm64 /Users/krzysztofkajkowski/.gemini/antigravity/scratch/KoveMirror/KoveMirror/SettingsView.swift (in target 'KoveMirror' from project 'KoveMirror')
    cd /Users/krzysztofkajkowski/.gemini/antigravity/scratch/KoveMirror
    

SwiftCompile normal arm64 Compiling\ KoveMirrorService.swift /Users/krzysztofkajkowski/.gemini/antigravity/scratch/KoveMirror/KoveMirror/KoveMirrorService.swift (in target 'KoveMirror' from project 'KoveMirror')

SwiftCompile normal arm64 /Users/krzysztofkajkowski/.gemini/antigravity/scratch/KoveMirror/KoveMirror/KoveMirrorService.swift (in target 'KoveMirror' from project 'KoveMirror')
    cd /Users/krzysztofkajkowski/.gemini/antigravity/scratch/KoveMirror
    

SwiftEmitModule normal arm64 Emitting\ module\ for\ KoveMirror (in target 'KoveMirror' from project 'KoveMirror')

EmitSwiftModule normal arm64 (in target 'KoveMirror' from project 'KoveMirror')
    cd /Users/krzysztofkajkowski/.gemini/antigravity/scratch/KoveMirror
    

SwiftCompile normal arm64 Compiling\ GeneratedAssetSymbols.swift /Users/krzysztofkajkowski/Library/Developer/Xcode/DerivedData/KoveMirror-eiyrdqhxjcisltgtjsqoddvdyotc/Build/Intermediates.noindex/KoveMirror.build/Debug-iphonesimulator/KoveMirror.build/DerivedSources/GeneratedAssetSymbols.swift (in target 'KoveMirror' from project 'KoveMirror')

SwiftCompile normal arm64 /Users/krzysztofkajkowski/Library/Developer/Xcode/DerivedData/KoveMirror-eiyrdqhxjcisltgtjsqoddvdyotc/Build/Intermediates.noindex/KoveMirror.build/Debug-iphonesimulator/KoveMirror.build/DerivedSources/GeneratedAssetSymbols.swift (in target 'KoveMirror' from project 'KoveMirror')
    cd /Users/krzysztofkajkowski/.gemini/antigravity/scratch/KoveMirror
    

SwiftCompile normal arm64 Compiling\ H264Encoder.swift /Users/krzysztofkajkowski/.gemini/antigravity/scratch/KoveMirror/KoveMirror/H264Encoder.swift (in target 'KoveMirror' from project 'KoveMirror')

SwiftCompile normal arm64 /Users/krzysztofkajkowski/.gemini/antigravity/scratch/KoveMirror/KoveMirror/H264Encoder.swift (in target 'KoveMirror' from project 'KoveMirror')
    cd /Users/krzysztofkajkowski/.gemini/antigravity/scratch/KoveMirror
    

SwiftCompile normal arm64 Compiling\ ScreenCaptureManager.swift /Users/krzysztofkajkowski/.gemini/antigravity/scratch/KoveMirror/KoveMirror/ScreenCaptureManager.swift (in target 'KoveMirror' from project 'KoveMirror')

SwiftCompile normal arm64 /Users/krzysztofkajkowski/.gemini/antigravity/scratch/KoveMirror/KoveMirror/ScreenCaptureManager.swift (in target 'KoveMirror' from project 'KoveMirror')
    cd /Users/krzysztofkajkowski/.gemini/antigravity/scratch/KoveMirror
    

ConstructStubExecutorLinkFileList /Users/krzysztofkajkowski/Library/Developer/Xcode/DerivedData/KoveMirror-eiyrdqhxjcisltgtjsqoddvdyotc/Build/Intermediates.noindex/KoveMirror.build/Debug-iphonesimulator/KoveMirrorBroadcast.build/KoveMirrorBroadcast-ExecutorLinkFileList-normal-arm64.txt (in target 'KoveMirrorBroadcast' from project 'KoveMirror')
    cd /Users/krzysztofkajkowski/.gemini/antigravity/scratch/KoveMirror
    construct-stub-executor-link-file-list /Users/krzysztofkajkowski/Library/Developer/Xcode/DerivedData/KoveMirror-eiyrdqhxjcisltgtjsqoddvdyotc/Build/Products/Debug-iphonesimulator/KoveMirrorBroadcast.appex/KoveMirrorBroadcast.debug.dylib /Applications/Xcode.app/Contents/Developer/Platforms/iPhoneSimulator.platform/Developer/usr/lib/libPreviewsJITStubExecutor_no_swift_entry_point.a /Applications/Xcode.app/Contents/Developer/Platforms/iPhoneSimulator.platform/Developer/usr/lib/libPreviewsJITStubExecutor.a --output /Users/krzysztofkajkowski/Library/Developer/Xcode/DerivedData/KoveMirror-eiyrdqhxjcisltgtjsqoddvdyotc/Build/Intermediates.noindex/KoveMirror.build/Debug-iphonesimulator/KoveMirrorBroadcast.build/KoveMirrorBroadcast-ExecutorLinkFileList-normal-arm64.txt
note: Using stub executor library without Swift entry point. (in target 'KoveMirrorBroadcast' from project 'KoveMirror')

SwiftDriverJobDiscovery normal arm64 Compiling GeneratedAssetSymbols.swift (in target 'KoveMirror' from project 'KoveMirror')

SwiftCompile normal arm64 Compiling\ KoveTCPManager.swift /Users/krzysztofkajkowski/.gemini/antigravity/scratch/KoveMirror/KoveMirror/KoveTCPManager.swift (in target 'KoveMirror' from project 'KoveMirror')

SwiftCompile normal arm64 /Users/krzysztofkajkowski/.gemini/antigravity/scratch/KoveMirror/KoveMirror/KoveTCPManager.swift (in target 'KoveMirror' from project 'KoveMirror')
    cd /Users/krzysztofkajkowski/.gemini/antigravity/scratch/KoveMirror
    

Ld /Users/krzysztofkajkowski/Library/Developer/Xcode/DerivedData/KoveMirror-eiyrdqhxjcisltgtjsqoddvdyotc/Build/Products/Debug-iphonesimulator/KoveMirrorBroadcast.appex/KoveMirrorBroadcast normal (in target 'KoveMirrorBroadcast' from project 'KoveMirror')
    cd /Users/krzysztofkajkowski/.gemini/antigravity/scratch/KoveMirror
    /Applications/Xcode.app/Contents/Developer/Toolchains/XcodeDefault.xctoolchain/usr/bin/clang -Xlinker -reproducible -target arm64-apple-ios16.0-simulator -isysroot /Applications/Xcode.app/Contents/Developer/Platforms/iPhoneSimulator.platform/Developer/SDKs/iPhoneSimulator26.5.sdk -O0 -L/Users/krzysztofkajkowski/Library/Developer/Xcode/DerivedData/KoveMirror-eiyrdqhxjcisltgtjsqoddvdyotc/Build/Products/Debug-iphonesimulator -F/Users/krzysztofkajkowski/Library/Developer/Xcode/DerivedData/KoveMirror-eiyrdqhxjcisltgtjsqoddvdyotc/Build/Products/Debug-iphonesimulator -Xlinker -rpath -Xlinker @executable_path -rdynamic -Xlinker -no_deduplicate -Xlinker -objc_abi_version -Xlinker 2 -e ___debug_blank_executor_main -Xlinker -sectcreate -Xlinker __TEXT -Xlinker __debug_dylib -Xlinker /Users/krzysztofkajkowski/Library/Developer/Xcode/DerivedData/KoveMirror-eiyrdqhxjcisltgtjsqoddvdyotc/Build/Intermediates.noindex/KoveMirror.build/Debug-iphonesimulator/KoveMirrorBroadcast.build/KoveMirrorBroadcast-DebugDylibPath-normal-arm64.txt -Xlinker -sectcreate -Xlinker __TEXT -Xlinker __debug_entry -Xlinker /Users/krzysztofkajkowski/Library/Developer/Xcode/DerivedData/KoveMirror-eiyrdqhxjcisltgtjsqoddvdyotc/Build/Intermediates.noindex/KoveMirror.build/Debug-iphonesimulator/KoveMirrorBroadcast.build/KoveMirrorBroadcast-DebugEntryPoint-normal-arm64.txt -Xlinker -sectcreate -Xlinker __TEXT -Xlinker __debug_instlnm -Xlinker /Users/krzysztofkajkowski/Library/Developer/Xcode/DerivedData/KoveMirror-eiyrdqhxjcisltgtjsqoddvdyotc/Build/Intermediates.noindex/KoveMirror.build/Debug-iphonesimulator/KoveMirrorBroadcast.build/KoveMirrorBroadcast-DebugDylibInstallName-normal-arm64.txt -Xlinker -filelist -Xlinker /Users/krzysztofkajkowski/Library/Developer/Xcode/DerivedData/KoveMirror-eiyrdqhxjcisltgtjsqoddvdyotc/Build/Intermediates.noindex/KoveMirror.build/Debug-iphonesimulator/KoveMirrorBroadcast.build/KoveMirrorBroadcast-ExecutorLinkFileList-normal-arm64.txt -Xlinker -sectcreate -Xlinker __TEXT -Xlinker __entitlements -Xlinker /Users/krzysztofkajkowski/Library/Developer/Xcode/DerivedData/KoveMirror-eiyrdqhxjcisltgtjsqoddvdyotc/Build/Intermediates.noindex/KoveMirror.build/Debug-iphonesimulator/KoveMirrorBroadcast.build/KoveMirrorBroadcast.appex-Simulated.xcent -Xlinker -sectcreate -Xlinker __TEXT -Xlinker __ents_der -Xlinker /Users/krzysztofkajkowski/Library/Developer/Xcode/DerivedData/KoveMirror-eiyrdqhxjcisltgtjsqoddvdyotc/Build/Intermediates.noindex/KoveMirror.build/Debug-iphonesimulator/KoveMirrorBroadcast.build/KoveMirrorBroadcast.appex-Simulated.xcent.der /Users/krzysztofkajkowski/Library/Developer/Xcode/DerivedData/KoveMirror-eiyrdqhxjcisltgtjsqoddvdyotc/Build/Products/Debug-iphonesimulator/KoveMirrorBroadcast.appex/KoveMirrorBroadcast.debug.dylib -Xlinker -no_adhoc_codesign -o /Users/krzysztofkajkowski/Library/Developer/Xcode/DerivedData/KoveMirror-eiyrdqhxjcisltgtjsqoddvdyotc/Build/Products/Debug-iphonesimulator/KoveMirrorBroadcast.appex/KoveMirrorBroadcast

SwiftDriverJobDiscovery normal arm64 Emitting module for KoveMirror (in target 'KoveMirror' from project 'KoveMirror')

SwiftDriver\ Compilation\ Requirements KoveMirror normal arm64 com.apple.xcode.tools.swift.compiler (in target 'KoveMirror' from project 'KoveMirror')
    cd /Users/krzysztofkajkowski/.gemini/antigravity/scratch/KoveMirror
    builtin-Swift-Compilation-Requirements -- /Applications/Xcode.app/Contents/Developer/Toolchains/XcodeDefault.xctoolchain/usr/bin/swiftc -module-name KoveMirror -Onone @/Users/krzysztofkajkowski/Library/Developer/Xcode/DerivedData/KoveMirror-eiyrdqhxjcisltgtjsqoddvdyotc/Build/Intermediates.noindex/KoveMirror.build/Debug-iphonesimulator/KoveMirror.build/Objects-normal/arm64/KoveMirror.SwiftFileList -DDEBUG -enable-bare-slash-regex -enable-experimental-feature DebugDescriptionMacro -sdk /Applications/Xcode.app/Contents/Developer/Platforms/iPhoneSimulator.platform/Developer/SDKs/iPhoneSimulator26.5.sdk -target arm64-apple-ios16.0-simulator -g -module-cache-path /Users/krzysztofkajkowski/Library/Developer/Xcode/DerivedData/ModuleCache.noindex -Xfrontend -serialize-debugging-options -enable-testing -index-store-path /Users/krzysztofkajkowski/Library/Developer/Xcode/DerivedData/KoveMirror-eiyrdqhxjcisltgtjsqoddvdyotc/Index.noindex/DataStore -Xcc -D_LIBCPP_HARDENING_MODE\=_LIBCPP_HARDENING_MODE_DEBUG -swift-version 5 -I /Users/krzysztofkajkowski/Library/Developer/Xcode/DerivedData/KoveMirror-eiyrdqhxjcisltgtjsqoddvdyotc/Build/Products/Debug-iphonesimulator -F /Users/krzysztofkajkowski/Library/Developer/Xcode/DerivedData/KoveMirror-eiyrdqhxjcisltgtjsqoddvdyotc/Build/Products/Debug-iphonesimulator -emit-localized-strings -emit-localized-strings-path /Users/krzysztofkajkowski/Library/Developer/Xcode/DerivedData/KoveMirror-eiyrdqhxjcisltgtjsqoddvdyotc/Build/Intermediates.noindex/KoveMirror.build/Debug-iphonesimulator/KoveMirror.build/Objects-normal/arm64 -c -j10 -enable-batch-mode -incremental -Xcc -ivfsstatcache -Xcc /Users/krzysztofkajkowski/Library/Developer/Xcode/DerivedData/SDKStatCaches.noindex/iphonesimulator26.5-23F81a-6cfe768891a92b912361537c460fe42b.sdkstatcache -output-file-map /Users/krzysztofkajkowski/Library/Developer/Xcode/DerivedData/KoveMirror-eiyrdqhxjcisltgtjsqoddvdyotc/Build/Intermediates.noindex/KoveMirror.build/Debug-iphonesimulator/KoveMirror.build/Objects-normal/arm64/KoveMirror-OutputFileMap.json -use-frontend-parseable-output -save-temps -no-color-diagnostics -explicit-module-build -module-cache-path /Users/krzysztofkajkowski/Library/Developer/Xcode/DerivedData/KoveMirror-eiyrdqhxjcisltgtjsqoddvdyotc/Build/Intermediates.noindex/SwiftExplicitPrecompiledModules -clang-scanner-module-cache-path /Users/krzysztofkajkowski/Library/Developer/Xcode/DerivedData/ModuleCache.noindex -sdk-module-cache-path /Users/krzysztofkajkowski/Library/Developer/Xcode/DerivedData/ModuleCache.noindex -serialize-diagnostics -emit-dependencies -emit-module -emit-module-path /Users/krzysztofkajkowski/Library/Developer/Xcode/DerivedData/KoveMirror-eiyrdqhxjcisltgtjsqoddvdyotc/Build/Intermediates.noindex/KoveMirror.build/Debug-iphonesimulator/KoveMirror.build/Objects-normal/arm64/KoveMirror.swiftmodule -validate-clang-modules-once -clang-build-session-file /Users/krzysztofkajkowski/Library/Developer/Xcode/DerivedData/ModuleCache.noindex/Session.modulevalidation -Xcc -I/Users/krzysztofkajkowski/Library/Developer/Xcode/DerivedData/KoveMirror-eiyrdqhxjcisltgtjsqoddvdyotc/Build/Intermediates.noindex/KoveMirror.build/Debug-iphonesimulator/KoveMirror.build/swift-overrides.hmap -emit-const-values -Xfrontend -const-gather-protocols-file -Xfrontend /Users/krzysztofkajkowski/Library/Developer/Xcode/DerivedData/KoveMirror-eiyrdqhxjcisltgtjsqoddvdyotc/Build/Intermediates.noindex/KoveMirror.build/Debug-iphonesimulator/KoveMirror.build/Objects-normal/arm64/KoveMirror_const_extract_protocols.json -Xcc -iquote -Xcc /Users/krzysztofkajkowski/Library/Developer/Xcode/DerivedData/KoveMirror-eiyrdqhxjcisltgtjsqoddvdyotc/Build/Intermediates.noindex/KoveMirror.build/Debug-iphonesimulator/KoveMirror.build/KoveMirror-generated-files.hmap -Xcc -I/Users/krzysztofkajkowski/Library/Developer/Xcode/DerivedData/KoveMirror-eiyrdqhxjcisltgtjsqoddvdyotc/Build/Intermediates.noindex/KoveMirror.build/Debug-iphonesimulator/KoveMirror.build/KoveMirror-own-target-headers.hmap -Xcc -I/Users/krzysztofkajkowski/Library/Developer/Xcode/DerivedData/KoveMirror-eiyrdqhxjcisltgtjsqoddvdyotc/Build/Intermediates.noindex/KoveMirror.build/Debug-iphonesimulator/KoveMirror.build/KoveMirror-all-target-headers.hmap -Xcc -iquote -Xcc /Users/krzysztofkajkowski/Library/Developer/Xcode/DerivedData/KoveMirror-eiyrdqhxjcisltgtjsqoddvdyotc/Build/Intermediates.noindex/KoveMirror.build/Debug-iphonesimulator/KoveMirror.build/KoveMirror-project-headers.hmap -Xcc -I/Users/krzysztofkajkowski/Library/Developer/Xcode/DerivedData/KoveMirror-eiyrdqhxjcisltgtjsqoddvdyotc/Build/Products/Debug-iphonesimulator/include -Xcc -I/Users/krzysztofkajkowski/Library/Developer/Xcode/DerivedData/KoveMirror-eiyrdqhxjcisltgtjsqoddvdyotc/Build/Intermediates.noindex/KoveMirror.build/Debug-iphonesimulator/KoveMirror.build/DerivedSources-normal/arm64 -Xcc -I/Users/krzysztofkajkowski/Library/Developer/Xcode/DerivedData/KoveMirror-eiyrdqhxjcisltgtjsqoddvdyotc/Build/Intermediates.noindex/KoveMirror.build/Debug-iphonesimulator/KoveMirror.build/DerivedSources/arm64 -Xcc -I/Users/krzysztofkajkowski/Library/Developer/Xcode/DerivedData/KoveMirror-eiyrdqhxjcisltgtjsqoddvdyotc/Build/Intermediates.noindex/KoveMirror.build/Debug-iphonesimulator/KoveMirror.build/DerivedSources -Xcc -DDEBUG\=1 -emit-objc-header -emit-objc-header-path /Users/krzysztofkajkowski/Library/Developer/Xcode/DerivedData/KoveMirror-eiyrdqhxjcisltgtjsqoddvdyotc/Build/Intermediates.noindex/KoveMirror.build/Debug-iphonesimulator/KoveMirror.build/Objects-normal/arm64/KoveMirror-Swift.h -working-directory /Users/krzysztofkajkowski/.gemini/antigravity/scratch/KoveMirror -experimental-emit-module-separately -disable-cmo

SwiftMergeGeneratedHeaders /Users/krzysztofkajkowski/Library/Developer/Xcode/DerivedData/KoveMirror-eiyrdqhxjcisltgtjsqoddvdyotc/Build/Intermediates.noindex/KoveMirror.build/Debug-iphonesimulator/KoveMirror.build/DerivedSources/KoveMirror-Swift.h /Users/krzysztofkajkowski/Library/Developer/Xcode/DerivedData/KoveMirror-eiyrdqhxjcisltgtjsqoddvdyotc/Build/Intermediates.noindex/KoveMirror.build/Debug-iphonesimulator/KoveMirror.build/Objects-normal/arm64/KoveMirror-Swift.h (in target 'KoveMirror' from project 'KoveMirror')
    cd /Users/krzysztofkajkowski/.gemini/antigravity/scratch/KoveMirror
    builtin-swiftHeaderTool -arch arm64 /Users/krzysztofkajkowski/Library/Developer/Xcode/DerivedData/KoveMirror-eiyrdqhxjcisltgtjsqoddvdyotc/Build/Intermediates.noindex/KoveMirror.build/Debug-iphonesimulator/KoveMirror.build/Objects-normal/arm64/KoveMirror-Swift.h -o /Users/krzysztofkajkowski/Library/Developer/Xcode/DerivedData/KoveMirror-eiyrdqhxjcisltgtjsqoddvdyotc/Build/Intermediates.noindex/KoveMirror.build/Debug-iphonesimulator/KoveMirror.build/DerivedSources/KoveMirror-Swift.h

Copy /Users/krzysztofkajkowski/Library/Developer/Xcode/DerivedData/KoveMirror-eiyrdqhxjcisltgtjsqoddvdyotc/Build/Products/Debug-iphonesimulator/KoveMirror.swiftmodule/arm64-apple-ios-simulator.swiftdoc /Users/krzysztofkajkowski/Library/Developer/Xcode/DerivedData/KoveMirror-eiyrdqhxjcisltgtjsqoddvdyotc/Build/Intermediates.noindex/KoveMirror.build/Debug-iphonesimulator/KoveMirror.build/Objects-normal/arm64/KoveMirror.swiftdoc (in target 'KoveMirror' from project 'KoveMirror')
    cd /Users/krzysztofkajkowski/.gemini/antigravity/scratch/KoveMirror
    builtin-copy -exclude .DS_Store -exclude CVS -exclude .svn -exclude .git -exclude .hg -resolve-src-symlinks -rename /Users/krzysztofkajkowski/Library/Developer/Xcode/DerivedData/KoveMirror-eiyrdqhxjcisltgtjsqoddvdyotc/Build/Intermediates.noindex/KoveMirror.build/Debug-iphonesimulator/KoveMirror.build/Objects-normal/arm64/KoveMirror.swiftdoc /Users/krzysztofkajkowski/Library/Developer/Xcode/DerivedData/KoveMirror-eiyrdqhxjcisltgtjsqoddvdyotc/Build/Products/Debug-iphonesimulator/KoveMirror.swiftmodule/arm64-apple-ios-simulator.swiftdoc

Copy /Users/krzysztofkajkowski/Library/Developer/Xcode/DerivedData/KoveMirror-eiyrdqhxjcisltgtjsqoddvdyotc/Build/Products/Debug-iphonesimulator/KoveMirror.swiftmodule/arm64-apple-ios-simulator.swiftmodule /Users/krzysztofkajkowski/Library/Developer/Xcode/DerivedData/KoveMirror-eiyrdqhxjcisltgtjsqoddvdyotc/Build/Intermediates.noindex/KoveMirror.build/Debug-iphonesimulator/KoveMirror.build/Objects-normal/arm64/KoveMirror.swiftmodule (in target 'KoveMirror' from project 'KoveMirror')
    cd /Users/krzysztofkajkowski/.gemini/antigravity/scratch/KoveMirror
    builtin-copy -exclude .DS_Store -exclude CVS -exclude .svn -exclude .git -exclude .hg -resolve-src-symlinks -rename /Users/krzysztofkajkowski/Library/Developer/Xcode/DerivedData/KoveMirror-eiyrdqhxjcisltgtjsqoddvdyotc/Build/Intermediates.noindex/KoveMirror.build/Debug-iphonesimulator/KoveMirror.build/Objects-normal/arm64/KoveMirror.swiftmodule /Users/krzysztofkajkowski/Library/Developer/Xcode/DerivedData/KoveMirror-eiyrdqhxjcisltgtjsqoddvdyotc/Build/Products/Debug-iphonesimulator/KoveMirror.swiftmodule/arm64-apple-ios-simulator.swiftmodule

SwiftDriverJobDiscovery normal arm64 Compiling KoveMirrorService.swift (in target 'KoveMirror' from project 'KoveMirror')

Copy /Users/krzysztofkajkowski/Library/Developer/Xcode/DerivedData/KoveMirror-eiyrdqhxjcisltgtjsqoddvdyotc/Build/Products/Debug-iphonesimulator/KoveMirror.swiftmodule/arm64-apple-ios-simulator.abi.json /Users/krzysztofkajkowski/Library/Developer/Xcode/DerivedData/KoveMirror-eiyrdqhxjcisltgtjsqoddvdyotc/Build/Intermediates.noindex/KoveMirror.build/Debug-iphonesimulator/KoveMirror.build/Objects-normal/arm64/KoveMirror.abi.json (in target 'KoveMirror' from project 'KoveMirror')
    cd /Users/krzysztofkajkowski/.gemini/antigravity/scratch/KoveMirror
    builtin-copy -exclude .DS_Store -exclude CVS -exclude .svn -exclude .git -exclude .hg -resolve-src-symlinks -rename /Users/krzysztofkajkowski/Library/Developer/Xcode/DerivedData/KoveMirror-eiyrdqhxjcisltgtjsqoddvdyotc/Build/Intermediates.noindex/KoveMirror.build/Debug-iphonesimulator/KoveMirror.build/Objects-normal/arm64/KoveMirror.abi.json /Users/krzysztofkajkowski/Library/Developer/Xcode/DerivedData/KoveMirror-eiyrdqhxjcisltgtjsqoddvdyotc/Build/Products/Debug-iphonesimulator/KoveMirror.swiftmodule/arm64-apple-ios-simulator.abi.json

Copy /Users/krzysztofkajkowski/Library/Developer/Xcode/DerivedData/KoveMirror-eiyrdqhxjcisltgtjsqoddvdyotc/Build/Products/Debug-iphonesimulator/KoveMirror.swiftmodule/Project/arm64-apple-ios-simulator.swiftsourceinfo /Users/krzysztofkajkowski/Library/Developer/Xcode/DerivedData/KoveMirror-eiyrdqhxjcisltgtjsqoddvdyotc/Build/Intermediates.noindex/KoveMirror.build/Debug-iphonesimulator/KoveMirror.build/Objects-normal/arm64/KoveMirror.swiftsourceinfo (in target 'KoveMirror' from project 'KoveMirror')
    cd /Users/krzysztofkajkowski/.gemini/antigravity/scratch/KoveMirror
    builtin-copy -exclude .DS_Store -exclude CVS -exclude .svn -exclude .git -exclude .hg -resolve-src-symlinks -rename /Users/krzysztofkajkowski/Library/Developer/Xcode/DerivedData/KoveMirror-eiyrdqhxjcisltgtjsqoddvdyotc/Build/Intermediates.noindex/KoveMirror.build/Debug-iphonesimulator/KoveMirror.build/Objects-normal/arm64/KoveMirror.swiftsourceinfo /Users/krzysztofkajkowski/Library/Developer/Xcode/DerivedData/KoveMirror-eiyrdqhxjcisltgtjsqoddvdyotc/Build/Products/Debug-iphonesimulator/KoveMirror.swiftmodule/Project/arm64-apple-ios-simulator.swiftsourceinfo

SwiftCompile normal arm64 Compiling\ Logger.swift /Users/krzysztofkajkowski/.gemini/antigravity/scratch/KoveMirror/KoveMirror/Logger.swift (in target 'KoveMirror' from project 'KoveMirror')

SwiftCompile normal arm64 /Users/krzysztofkajkowski/.gemini/antigravity/scratch/KoveMirror/KoveMirror/Logger.swift (in target 'KoveMirror' from project 'KoveMirror')
    cd /Users/krzysztofkajkowski/.gemini/antigravity/scratch/KoveMirror
    

ExtractAppIntentsMetadata (in target 'KoveMirrorBroadcast' from project 'KoveMirror')
    cd /Users/krzysztofkajkowski/.gemini/antigravity/scratch/KoveMirror
    /Applications/Xcode.app/Contents/Developer/Toolchains/XcodeDefault.xctoolchain/usr/bin/appintentsmetadataprocessor --toolchain-dir /Applications/Xcode.app/Contents/Developer/Toolchains/XcodeDefault.xctoolchain --module-name KoveMirrorBroadcast --sdk-root /Applications/Xcode.app/Contents/Developer/Platforms/iPhoneSimulator.platform/Developer/SDKs/iPhoneSimulator26.5.sdk --xcode-version 17F113 --platform-family iOS --deployment-target 16.0 --bundle-identifier pl.cayco.kovemirror.ios.broadcast --output /Users/krzysztofkajkowski/Library/Developer/Xcode/DerivedData/KoveMirror-eiyrdqhxjcisltgtjsqoddvdyotc/Build/Products/Debug-iphonesimulator/KoveMirrorBroadcast.appex --target-triple arm64-apple-ios16.0-simulator --binary-file /Users/krzysztofkajkowski/Library/Developer/Xcode/DerivedData/KoveMirror-eiyrdqhxjcisltgtjsqoddvdyotc/Build/Products/Debug-iphonesimulator/KoveMirrorBroadcast.appex/KoveMirrorBroadcast --dependency-file /Users/krzysztofkajkowski/Library/Developer/Xcode/DerivedData/KoveMirror-eiyrdqhxjcisltgtjsqoddvdyotc/Build/Intermediates.noindex/KoveMirror.build/Debug-iphonesimulator/KoveMirrorBroadcast.build/Objects-normal/arm64/KoveMirrorBroadcast_dependency_info.dat --stringsdata-file /Users/krzysztofkajkowski/Library/Developer/Xcode/DerivedData/KoveMirror-eiyrdqhxjcisltgtjsqoddvdyotc/Build/Intermediates.noindex/KoveMirror.build/Debug-iphonesimulator/KoveMirrorBroadcast.build/Objects-normal/arm64/ExtractedAppShortcutsMetadata.stringsdata --source-file-list /Users/krzysztofkajkowski/Library/Developer/Xcode/DerivedData/KoveMirror-eiyrdqhxjcisltgtjsqoddvdyotc/Build/Intermediates.noindex/KoveMirror.build/Debug-iphonesimulator/KoveMirrorBroadcast.build/Objects-normal/arm64/KoveMirrorBroadcast.SwiftFileList --metadata-file-list /Users/krzysztofkajkowski/Library/Developer/Xcode/DerivedData/KoveMirror-eiyrdqhxjcisltgtjsqoddvdyotc/Build/Intermediates.noindex/KoveMirror.build/Debug-iphonesimulator/KoveMirrorBroadcast.build/KoveMirrorBroadcast.DependencyMetadataFileList --static-metadata-file-list /Users/krzysztofkajkowski/Library/Developer/Xcode/DerivedData/KoveMirror-eiyrdqhxjcisltgtjsqoddvdyotc/Build/Intermediates.noindex/KoveMirror.build/Debug-iphonesimulator/KoveMirrorBroadcast.build/KoveMirrorBroadcast.DependencyStaticMetadataFileList --swift-const-vals-list /Users/krzysztofkajkowski/Library/Developer/Xcode/DerivedData/KoveMirror-eiyrdqhxjcisltgtjsqoddvdyotc/Build/Intermediates.noindex/KoveMirror.build/Debug-iphonesimulator/KoveMirrorBroadcast.build/Objects-normal/arm64/KoveMirrorBroadcast.SwiftConstValuesFileList --compile-time-extraction --deployment-aware-processing --validate-assistant-intents --no-app-shortcuts-localization
2026-07-26 16:40:31.390 appintentsmetadataprocessor[27380:5714554] Starting appintentsmetadataprocessor export
2026-07-26 16:40:31.393 appintentsmetadataprocessor[27380:5714554] warning: Metadata extraction skipped. No AppIntents.framework dependency found.

SwiftDriverJobDiscovery normal arm64 Compiling H264Encoder.swift (in target 'KoveMirror' from project 'KoveMirror')

AppIntentsSSUTraining (in target 'KoveMirrorBroadcast' from project 'KoveMirror')
    cd /Users/krzysztofkajkowski/.gemini/antigravity/scratch/KoveMirror
    /Applications/Xcode.app/Contents/Developer/Toolchains/XcodeDefault.xctoolchain/usr/bin/appintentsnltrainingprocessor --infoplist-path /Users/krzysztofkajkowski/Library/Developer/Xcode/DerivedData/KoveMirror-eiyrdqhxjcisltgtjsqoddvdyotc/Build/Products/Debug-iphonesimulator/KoveMirrorBroadcast.appex/Info.plist --temp-dir-path /Users/krzysztofkajkowski/Library/Developer/Xcode/DerivedData/KoveMirror-eiyrdqhxjcisltgtjsqoddvdyotc/Build/Intermediates.noindex/KoveMirror.build/Debug-iphonesimulator/KoveMirrorBroadcast.build/ssu --bundle-id pl.cayco.kovemirror.ios.broadcast --product-path /Users/krzysztofkajkowski/Library/Developer/Xcode/DerivedData/KoveMirror-eiyrdqhxjcisltgtjsqoddvdyotc/Build/Products/Debug-iphonesimulator/KoveMirrorBroadcast.appex --extracted-metadata-path /Users/krzysztofkajkowski/Library/Developer/Xcode/DerivedData/KoveMirror-eiyrdqhxjcisltgtjsqoddvdyotc/Build/Products/Debug-iphonesimulator/KoveMirrorBroadcast.appex/Metadata.appintents --metadata-file-list /Users/krzysztofkajkowski/Library/Developer/Xcode/DerivedData/KoveMirror-eiyrdqhxjcisltgtjsqoddvdyotc/Build/Intermediates.noindex/KoveMirror.build/Debug-iphonesimulator/KoveMirrorBroadcast.build/KoveMirrorBroadcast.DependencyMetadataFileList --source-file /Users/krzysztofkajkowski/Library/Developer/Xcode/DerivedData/KoveMirror-eiyrdqhxjcisltgtjsqoddvdyotc/Build/Products/Debug-iphonesimulator/KoveMirrorBroadcast.appex/Info.plist --archive-ssu-assets
2026-07-26 16:40:31.410 appintentsnltrainingprocessor[27381:5714557] Parsing options for appintentsnltrainingprocessor
2026-07-26 16:40:31.411 appintentsnltrainingprocessor[27381:5714557] Starting AppIntents SSU YAML Generation
2026-07-26 16:40:31.411 appintentsnltrainingprocessor[27381:5714557] No AppShortcuts found - Skipping.

CodeSign /Users/krzysztofkajkowski/Library/Developer/Xcode/DerivedData/KoveMirror-eiyrdqhxjcisltgtjsqoddvdyotc/Build/Products/Debug-iphonesimulator/KoveMirrorBroadcast.appex/KoveMirrorBroadcast.debug.dylib (in target 'KoveMirrorBroadcast' from project 'KoveMirror')
    cd /Users/krzysztofkajkowski/.gemini/antigravity/scratch/KoveMirror
    
    Signing Identity:     "Sign to Run Locally"
    
    /usr/bin/codesign --force --sign - --timestamp\=none --generate-entitlement-der /Users/krzysztofkajkowski/Library/Developer/Xcode/DerivedData/KoveMirror-eiyrdqhxjcisltgtjsqoddvdyotc/Build/Products/Debug-iphonesimulator/KoveMirrorBroadcast.appex/KoveMirrorBroadcast.debug.dylib

CodeSign /Users/krzysztofkajkowski/Library/Developer/Xcode/DerivedData/KoveMirror-eiyrdqhxjcisltgtjsqoddvdyotc/Build/Products/Debug-iphonesimulator/KoveMirrorBroadcast.appex/__preview.dylib (in target 'KoveMirrorBroadcast' from project 'KoveMirror')
    cd /Users/krzysztofkajkowski/.gemini/antigravity/scratch/KoveMirror
    
    Signing Identity:     "Sign to Run Locally"
    
    /usr/bin/codesign --force --sign - --timestamp\=none --generate-entitlement-der /Users/krzysztofkajkowski/Library/Developer/Xcode/DerivedData/KoveMirror-eiyrdqhxjcisltgtjsqoddvdyotc/Build/Products/Debug-iphonesimulator/KoveMirrorBroadcast.appex/__preview.dylib

CodeSign /Users/krzysztofkajkowski/Library/Developer/Xcode/DerivedData/KoveMirror-eiyrdqhxjcisltgtjsqoddvdyotc/Build/Products/Debug-iphonesimulator/KoveMirrorBroadcast.appex (in target 'KoveMirrorBroadcast' from project 'KoveMirror')
    cd /Users/krzysztofkajkowski/.gemini/antigravity/scratch/KoveMirror
    
    Signing Identity:     "Sign to Run Locally"
    
    /usr/bin/codesign --force --sign - --entitlements /Users/krzysztofkajkowski/Library/Developer/Xcode/DerivedData/KoveMirror-eiyrdqhxjcisltgtjsqoddvdyotc/Build/Intermediates.noindex/KoveMirror.build/Debug-iphonesimulator/KoveMirrorBroadcast.build/KoveMirrorBroadcast.appex.xcent --timestamp\=none --generate-entitlement-der /Users/krzysztofkajkowski/Library/Developer/Xcode/DerivedData/KoveMirror-eiyrdqhxjcisltgtjsqoddvdyotc/Build/Products/Debug-iphonesimulator/KoveMirrorBroadcast.appex

RegisterExecutionPolicyException /Users/krzysztofkajkowski/Library/Developer/Xcode/DerivedData/KoveMirror-eiyrdqhxjcisltgtjsqoddvdyotc/Build/Products/Debug-iphonesimulator/KoveMirrorBroadcast.appex (in target 'KoveMirrorBroadcast' from project 'KoveMirror')
    cd /Users/krzysztofkajkowski/.gemini/antigravity/scratch/KoveMirror
    builtin-RegisterExecutionPolicyException /Users/krzysztofkajkowski/Library/Developer/Xcode/DerivedData/KoveMirror-eiyrdqhxjcisltgtjsqoddvdyotc/Build/Products/Debug-iphonesimulator/KoveMirrorBroadcast.appex

SwiftDriverJobDiscovery normal arm64 Compiling KoveBLEManager.swift (in target 'KoveMirror' from project 'KoveMirror')

Touch /Users/krzysztofkajkowski/Library/Developer/Xcode/DerivedData/KoveMirror-eiyrdqhxjcisltgtjsqoddvdyotc/Build/Products/Debug-iphonesimulator/KoveMirrorBroadcast.appex (in target 'KoveMirrorBroadcast' from project 'KoveMirror')
    cd /Users/krzysztofkajkowski/.gemini/antigravity/scratch/KoveMirror
    /usr/bin/touch -c /Users/krzysztofkajkowski/Library/Developer/Xcode/DerivedData/KoveMirror-eiyrdqhxjcisltgtjsqoddvdyotc/Build/Products/Debug-iphonesimulator/KoveMirrorBroadcast.appex

Ld /Users/krzysztofkajkowski/Library/Developer/Xcode/DerivedData/KoveMirror-eiyrdqhxjcisltgtjsqoddvdyotc/Build/Products/Debug-iphonesimulator/KoveMirror.app/__preview.dylib normal (in target 'KoveMirror' from project 'KoveMirror')
    cd /Users/krzysztofkajkowski/.gemini/antigravity/scratch/KoveMirror
    /Applications/Xcode.app/Contents/Developer/Toolchains/XcodeDefault.xctoolchain/usr/bin/clang -Xlinker -reproducible -target arm64-apple-ios16.0-simulator -dynamiclib -isysroot /Applications/Xcode.app/Contents/Developer/Platforms/iPhoneSimulator.platform/Developer/SDKs/iPhoneSimulator26.5.sdk -O0 -L/Users/krzysztofkajkowski/Library/Developer/Xcode/DerivedData/KoveMirror-eiyrdqhxjcisltgtjsqoddvdyotc/Build/Products/Debug-iphonesimulator -F/Users/krzysztofkajkowski/Library/Developer/Xcode/DerivedData/KoveMirror-eiyrdqhxjcisltgtjsqoddvdyotc/Build/Products/Debug-iphonesimulator -install_name @rpath/KoveMirror.debug.dylib -Xlinker -dead_strip -rdynamic -Xlinker -no_deduplicate -Xlinker -objc_abi_version -Xlinker 2 -Xlinker -dependency_info -Xlinker /Users/krzysztofkajkowski/Library/Developer/Xcode/DerivedData/KoveMirror-eiyrdqhxjcisltgtjsqoddvdyotc/Build/Intermediates.noindex/KoveMirror.build/Debug-iphonesimulator/KoveMirror.build/Objects-normal/arm64/KoveMirror_dependency_info.dat -Xlinker -sectcreate -Xlinker __TEXT -Xlinker __entitlements -Xlinker /Users/krzysztofkajkowski/Library/Developer/Xcode/DerivedData/KoveMirror-eiyrdqhxjcisltgtjsqoddvdyotc/Build/Intermediates.noindex/KoveMirror.build/Debug-iphonesimulator/KoveMirror.build/KoveMirror.app-Simulated.xcent -Xlinker -sectcreate -Xlinker __TEXT -Xlinker __ents_der -Xlinker /Users/krzysztofkajkowski/Library/Developer/Xcode/DerivedData/KoveMirror-eiyrdqhxjcisltgtjsqoddvdyotc/Build/Intermediates.noindex/KoveMirror.build/Debug-iphonesimulator/KoveMirror.build/KoveMirror.app-Simulated.xcent.der -Xlinker -no_adhoc_codesign -o /Users/krzysztofkajkowski/Library/Developer/Xcode/DerivedData/KoveMirror-eiyrdqhxjcisltgtjsqoddvdyotc/Build/Products/Debug-iphonesimulator/KoveMirror.app/__preview.dylib

SwiftDriverJobDiscovery normal arm64 Compiling Logger.swift (in target 'KoveMirror' from project 'KoveMirror')

SwiftDriverJobDiscovery normal arm64 Compiling KoveTCPManager.swift (in target 'KoveMirror' from project 'KoveMirror')

SwiftDriverJobDiscovery normal arm64 Compiling ScreenCaptureManager.swift (in target 'KoveMirror' from project 'KoveMirror')

SwiftDriverJobDiscovery normal arm64 Compiling LogsView.swift, KoveProtocol.swift (in target 'KoveMirror' from project 'KoveMirror')

SwiftDriverJobDiscovery normal arm64 Compiling KoveMirrorApp.swift, ContentView.swift (in target 'KoveMirror' from project 'KoveMirror')

LinkAssetCatalog /Users/krzysztofkajkowski/.gemini/antigravity/scratch/KoveMirror/KoveMirror/Assets.xcassets (in target 'KoveMirror' from project 'KoveMirror')
    cd /Users/krzysztofkajkowski/.gemini/antigravity/scratch/KoveMirror
    builtin-linkAssetCatalog --thinned /Users/krzysztofkajkowski/Library/Developer/Xcode/DerivedData/KoveMirror-eiyrdqhxjcisltgtjsqoddvdyotc/Build/Intermediates.noindex/KoveMirror.build/Debug-iphonesimulator/KoveMirror.build/assetcatalog_output/thinned --thinned-dependencies /Users/krzysztofkajkowski/Library/Developer/Xcode/DerivedData/KoveMirror-eiyrdqhxjcisltgtjsqoddvdyotc/Build/Intermediates.noindex/KoveMirror.build/Debug-iphonesimulator/KoveMirror.build/assetcatalog_dependencies_thinned --thinned-info-plist-content /Users/krzysztofkajkowski/Library/Developer/Xcode/DerivedData/KoveMirror-eiyrdqhxjcisltgtjsqoddvdyotc/Build/Intermediates.noindex/KoveMirror.build/Debug-iphonesimulator/KoveMirror.build/assetcatalog_generated_info.plist_thinned --unthinned /Users/krzysztofkajkowski/Library/Developer/Xcode/DerivedData/KoveMirror-eiyrdqhxjcisltgtjsqoddvdyotc/Build/Intermediates.noindex/KoveMirror.build/Debug-iphonesimulator/KoveMirror.build/assetcatalog_output/unthinned --unthinned-dependencies /Users/krzysztofkajkowski/Library/Developer/Xcode/DerivedData/KoveMirror-eiyrdqhxjcisltgtjsqoddvdyotc/Build/Intermediates.noindex/KoveMirror.build/Debug-iphonesimulator/KoveMirror.build/assetcatalog_dependencies_unthinned --unthinned-info-plist-content /Users/krzysztofkajkowski/Library/Developer/Xcode/DerivedData/KoveMirror-eiyrdqhxjcisltgtjsqoddvdyotc/Build/Intermediates.noindex/KoveMirror.build/Debug-iphonesimulator/KoveMirror.build/assetcatalog_generated_info.plist_unthinned --output /Users/krzysztofkajkowski/Library/Developer/Xcode/DerivedData/KoveMirror-eiyrdqhxjcisltgtjsqoddvdyotc/Build/Products/Debug-iphonesimulator/KoveMirror.app --plist-output /Users/krzysztofkajkowski/Library/Developer/Xcode/DerivedData/KoveMirror-eiyrdqhxjcisltgtjsqoddvdyotc/Build/Intermediates.noindex/KoveMirror.build/Debug-iphonesimulator/KoveMirror.build/assetcatalog_generated_info.plist
note: Emplaced /Users/krzysztofkajkowski/Library/Developer/Xcode/DerivedData/KoveMirror-eiyrdqhxjcisltgtjsqoddvdyotc/Build/Products/Debug-iphonesimulator/KoveMirror.app/Assets.car (in target 'KoveMirror' from project 'KoveMirror')
note: Emplaced /Users/krzysztofkajkowski/Library/Developer/Xcode/DerivedData/KoveMirror-eiyrdqhxjcisltgtjsqoddvdyotc/Build/Products/Debug-iphonesimulator/KoveMirror.app/AppIcon76x76@2x~ipad.png (in target 'KoveMirror' from project 'KoveMirror')
note: Emplaced /Users/krzysztofkajkowski/Library/Developer/Xcode/DerivedData/KoveMirror-eiyrdqhxjcisltgtjsqoddvdyotc/Build/Products/Debug-iphonesimulator/KoveMirror.app/AppIcon60x60@2x.png (in target 'KoveMirror' from project 'KoveMirror')

SwiftDriverJobDiscovery normal arm64 Compiling NavigationMirrorView.swift, SettingsView.swift (in target 'KoveMirror' from project 'KoveMirror')

SwiftDriver\ Compilation KoveMirror normal arm64 com.apple.xcode.tools.swift.compiler (in target 'KoveMirror' from project 'KoveMirror')
    cd /Users/krzysztofkajkowski/.gemini/antigravity/scratch/KoveMirror
    builtin-Swift-Compilation -- /Applications/Xcode.app/Contents/Developer/Toolchains/XcodeDefault.xctoolchain/usr/bin/swiftc -module-name KoveMirror -Onone @/Users/krzysztofkajkowski/Library/Developer/Xcode/DerivedData/KoveMirror-eiyrdqhxjcisltgtjsqoddvdyotc/Build/Intermediates.noindex/KoveMirror.build/Debug-iphonesimulator/KoveMirror.build/Objects-normal/arm64/KoveMirror.SwiftFileList -DDEBUG -enable-bare-slash-regex -enable-experimental-feature DebugDescriptionMacro -sdk /Applications/Xcode.app/Contents/Developer/Platforms/iPhoneSimulator.platform/Developer/SDKs/iPhoneSimulator26.5.sdk -target arm64-apple-ios16.0-simulator -g -module-cache-path /Users/krzysztofkajkowski/Library/Developer/Xcode/DerivedData/ModuleCache.noindex -Xfrontend -serialize-debugging-options -enable-testing -index-store-path /Users/krzysztofkajkowski/Library/Developer/Xcode/DerivedData/KoveMirror-eiyrdqhxjcisltgtjsqoddvdyotc/Index.noindex/DataStore -Xcc -D_LIBCPP_HARDENING_MODE\=_LIBCPP_HARDENING_MODE_DEBUG -swift-version 5 -I /Users/krzysztofkajkowski/Library/Developer/Xcode/DerivedData/KoveMirror-eiyrdqhxjcisltgtjsqoddvdyotc/Build/Products/Debug-iphonesimulator -F /Users/krzysztofkajkowski/Library/Developer/Xcode/DerivedData/KoveMirror-eiyrdqhxjcisltgtjsqoddvdyotc/Build/Products/Debug-iphonesimulator -emit-localized-strings -emit-localized-strings-path /Users/krzysztofkajkowski/Library/Developer/Xcode/DerivedData/KoveMirror-eiyrdqhxjcisltgtjsqoddvdyotc/Build/Intermediates.noindex/KoveMirror.build/Debug-iphonesimulator/KoveMirror.build/Objects-normal/arm64 -c -j10 -enable-batch-mode -incremental -Xcc -ivfsstatcache -Xcc /Users/krzysztofkajkowski/Library/Developer/Xcode/DerivedData/SDKStatCaches.noindex/iphonesimulator26.5-23F81a-6cfe768891a92b912361537c460fe42b.sdkstatcache -output-file-map /Users/krzysztofkajkowski/Library/Developer/Xcode/DerivedData/KoveMirror-eiyrdqhxjcisltgtjsqoddvdyotc/Build/Intermediates.noindex/KoveMirror.build/Debug-iphonesimulator/KoveMirror.build/Objects-normal/arm64/KoveMirror-OutputFileMap.json -use-frontend-parseable-output -save-temps -no-color-diagnostics -explicit-module-build -module-cache-path /Users/krzysztofkajkowski/Library/Developer/Xcode/DerivedData/KoveMirror-eiyrdqhxjcisltgtjsqoddvdyotc/Build/Intermediates.noindex/SwiftExplicitPrecompiledModules -clang-scanner-module-cache-path /Users/krzysztofkajkowski/Library/Developer/Xcode/DerivedData/ModuleCache.noindex -sdk-module-cache-path /Users/krzysztofkajkowski/Library/Developer/Xcode/DerivedData/ModuleCache.noindex -serialize-diagnostics -emit-dependencies -emit-module -emit-module-path /Users/krzysztofkajkowski/Library/Developer/Xcode/DerivedData/KoveMirror-eiyrdqhxjcisltgtjsqoddvdyotc/Build/Intermediates.noindex/KoveMirror.build/Debug-iphonesimulator/KoveMirror.build/Objects-normal/arm64/KoveMirror.swiftmodule -validate-clang-modules-once -clang-build-session-file /Users/krzysztofkajkowski/Library/Developer/Xcode/DerivedData/ModuleCache.noindex/Session.modulevalidation -Xcc -I/Users/krzysztofkajkowski/Library/Developer/Xcode/DerivedData/KoveMirror-eiyrdqhxjcisltgtjsqoddvdyotc/Build/Intermediates.noindex/KoveMirror.build/Debug-iphonesimulator/KoveMirror.build/swift-overrides.hmap -emit-const-values -Xfrontend -const-gather-protocols-file -Xfrontend /Users/krzysztofkajkowski/Library/Developer/Xcode/DerivedData/KoveMirror-eiyrdqhxjcisltgtjsqoddvdyotc/Build/Intermediates.noindex/KoveMirror.build/Debug-iphonesimulator/KoveMirror.build/Objects-normal/arm64/KoveMirror_const_extract_protocols.json -Xcc -iquote -Xcc /Users/krzysztofkajkowski/Library/Developer/Xcode/DerivedData/KoveMirror-eiyrdqhxjcisltgtjsqoddvdyotc/Build/Intermediates.noindex/KoveMirror.build/Debug-iphonesimulator/KoveMirror.build/KoveMirror-generated-files.hmap -Xcc -I/Users/krzysztofkajkowski/Library/Developer/Xcode/DerivedData/KoveMirror-eiyrdqhxjcisltgtjsqoddvdyotc/Build/Intermediates.noindex/KoveMirror.build/Debug-iphonesimulator/KoveMirror.build/KoveMirror-own-target-headers.hmap -Xcc -I/Users/krzysztofkajkowski/Library/Developer/Xcode/DerivedData/KoveMirror-eiyrdqhxjcisltgtjsqoddvdyotc/Build/Intermediates.noindex/KoveMirror.build/Debug-iphonesimulator/KoveMirror.build/KoveMirror-all-target-headers.hmap -Xcc -iquote -Xcc /Users/krzysztofkajkowski/Library/Developer/Xcode/DerivedData/KoveMirror-eiyrdqhxjcisltgtjsqoddvdyotc/Build/Intermediates.noindex/KoveMirror.build/Debug-iphonesimulator/KoveMirror.build/KoveMirror-project-headers.hmap -Xcc -I/Users/krzysztofkajkowski/Library/Developer/Xcode/DerivedData/KoveMirror-eiyrdqhxjcisltgtjsqoddvdyotc/Build/Products/Debug-iphonesimulator/include -Xcc -I/Users/krzysztofkajkowski/Library/Developer/Xcode/DerivedData/KoveMirror-eiyrdqhxjcisltgtjsqoddvdyotc/Build/Intermediates.noindex/KoveMirror.build/Debug-iphonesimulator/KoveMirror.build/DerivedSources-normal/arm64 -Xcc -I/Users/krzysztofkajkowski/Library/Developer/Xcode/DerivedData/KoveMirror-eiyrdqhxjcisltgtjsqoddvdyotc/Build/Intermediates.noindex/KoveMirror.build/Debug-iphonesimulator/KoveMirror.build/DerivedSources/arm64 -Xcc -I/Users/krzysztofkajkowski/Library/Developer/Xcode/DerivedData/KoveMirror-eiyrdqhxjcisltgtjsqoddvdyotc/Build/Intermediates.noindex/KoveMirror.build/Debug-iphonesimulator/KoveMirror.build/DerivedSources -Xcc -DDEBUG\=1 -emit-objc-header -emit-objc-header-path /Users/krzysztofkajkowski/Library/Developer/Xcode/DerivedData/KoveMirror-eiyrdqhxjcisltgtjsqoddvdyotc/Build/Intermediates.noindex/KoveMirror.build/Debug-iphonesimulator/KoveMirror.build/Objects-normal/arm64/KoveMirror-Swift.h -working-directory /Users/krzysztofkajkowski/.gemini/antigravity/scratch/KoveMirror -experimental-emit-module-separately -disable-cmo

Ld /Users/krzysztofkajkowski/Library/Developer/Xcode/DerivedData/KoveMirror-eiyrdqhxjcisltgtjsqoddvdyotc/Build/Products/Debug-iphonesimulator/KoveMirror.app/KoveMirror.debug.dylib normal (in target 'KoveMirror' from project 'KoveMirror')
    cd /Users/krzysztofkajkowski/.gemini/antigravity/scratch/KoveMirror
    /Applications/Xcode.app/Contents/Developer/Toolchains/XcodeDefault.xctoolchain/usr/bin/clang -Xlinker -reproducible -target arm64-apple-ios16.0-simulator -dynamiclib -isysroot /Applications/Xcode.app/Contents/Developer/Platforms/iPhoneSimulator.platform/Developer/SDKs/iPhoneSimulator26.5.sdk -O0 -L/Users/krzysztofkajkowski/Library/Developer/Xcode/DerivedData/KoveMirror-eiyrdqhxjcisltgtjsqoddvdyotc/Build/Intermediates.noindex/EagerLinkingTBDs/Debug-iphonesimulator -L/Users/krzysztofkajkowski/Library/Developer/Xcode/DerivedData/KoveMirror-eiyrdqhxjcisltgtjsqoddvdyotc/Build/Products/Debug-iphonesimulator -F/Users/krzysztofkajkowski/Library/Developer/Xcode/DerivedData/KoveMirror-eiyrdqhxjcisltgtjsqoddvdyotc/Build/Intermediates.noindex/EagerLinkingTBDs/Debug-iphonesimulator -F/Users/krzysztofkajkowski/Library/Developer/Xcode/DerivedData/KoveMirror-eiyrdqhxjcisltgtjsqoddvdyotc/Build/Products/Debug-iphonesimulator -filelist /Users/krzysztofkajkowski/Library/Developer/Xcode/DerivedData/KoveMirror-eiyrdqhxjcisltgtjsqoddvdyotc/Build/Intermediates.noindex/KoveMirror.build/Debug-iphonesimulator/KoveMirror.build/Objects-normal/arm64/KoveMirror.LinkFileList -install_name @rpath/KoveMirror.debug.dylib -Xlinker -rpath -Xlinker /usr/lib/swift -Xlinker -rpath -Xlinker @executable_path/Frameworks -Xlinker -dead_strip -Xlinker -object_path_lto -Xlinker /Users/krzysztofkajkowski/Library/Developer/Xcode/DerivedData/KoveMirror-eiyrdqhxjcisltgtjsqoddvdyotc/Build/Intermediates.noindex/KoveMirror.build/Debug-iphonesimulator/KoveMirror.build/Objects-normal/arm64/KoveMirror_lto.o -rdynamic -Xlinker -no_deduplicate -Xlinker -objc_abi_version -Xlinker 2 -Xlinker -dependency_info -Xlinker /Users/krzysztofkajkowski/Library/Developer/Xcode/DerivedData/KoveMirror-eiyrdqhxjcisltgtjsqoddvdyotc/Build/Intermediates.noindex/KoveMirror.build/Debug-iphonesimulator/KoveMirror.build/Objects-normal/arm64/KoveMirror_dependency_info.dat -fobjc-link-runtime -L/Applications/Xcode.app/Contents/Developer/Toolchains/XcodeDefault.xctoolchain/usr/lib/swift/iphonesimulator -L/usr/lib/swift -Xlinker -add_ast_path -Xlinker /Users/krzysztofkajkowski/Library/Developer/Xcode/DerivedData/KoveMirror-eiyrdqhxjcisltgtjsqoddvdyotc/Build/Intermediates.noindex/KoveMirror.build/Debug-iphonesimulator/KoveMirror.build/Objects-normal/arm64/KoveMirror.swiftmodule @/Users/krzysztofkajkowski/Library/Developer/Xcode/DerivedData/KoveMirror-eiyrdqhxjcisltgtjsqoddvdyotc/Build/Intermediates.noindex/KoveMirror.build/Debug-iphonesimulator/KoveMirror.build/Objects-normal/arm64/KoveMirror-linker-args.resp -Xlinker -alias -Xlinker _main -Xlinker ___debug_main_executable_dylib_entry_point -Xlinker -no_adhoc_codesign -o /Users/krzysztofkajkowski/Library/Developer/Xcode/DerivedData/KoveMirror-eiyrdqhxjcisltgtjsqoddvdyotc/Build/Products/Debug-iphonesimulator/KoveMirror.app/KoveMirror.debug.dylib

ConstructStubExecutorLinkFileList /Users/krzysztofkajkowski/Library/Developer/Xcode/DerivedData/KoveMirror-eiyrdqhxjcisltgtjsqoddvdyotc/Build/Intermediates.noindex/KoveMirror.build/Debug-iphonesimulator/KoveMirror.build/KoveMirror-ExecutorLinkFileList-normal-arm64.txt (in target 'KoveMirror' from project 'KoveMirror')
    cd /Users/krzysztofkajkowski/.gemini/antigravity/scratch/KoveMirror
    construct-stub-executor-link-file-list /Users/krzysztofkajkowski/Library/Developer/Xcode/DerivedData/KoveMirror-eiyrdqhxjcisltgtjsqoddvdyotc/Build/Products/Debug-iphonesimulator/KoveMirror.app/KoveMirror.debug.dylib /Applications/Xcode.app/Contents/Developer/Platforms/iPhoneSimulator.platform/Developer/usr/lib/libPreviewsJITStubExecutor_no_swift_entry_point.a /Applications/Xcode.app/Contents/Developer/Platforms/iPhoneSimulator.platform/Developer/usr/lib/libPreviewsJITStubExecutor.a --output /Users/krzysztofkajkowski/Library/Developer/Xcode/DerivedData/KoveMirror-eiyrdqhxjcisltgtjsqoddvdyotc/Build/Intermediates.noindex/KoveMirror.build/Debug-iphonesimulator/KoveMirror.build/KoveMirror-ExecutorLinkFileList-normal-arm64.txt
note: Using stub executor library with Swift entry point. (in target 'KoveMirror' from project 'KoveMirror')

Ld /Users/krzysztofkajkowski/Library/Developer/Xcode/DerivedData/KoveMirror-eiyrdqhxjcisltgtjsqoddvdyotc/Build/Products/Debug-iphonesimulator/KoveMirror.app/KoveMirror normal (in target 'KoveMirror' from project 'KoveMirror')
    cd /Users/krzysztofkajkowski/.gemini/antigravity/scratch/KoveMirror
    /Applications/Xcode.app/Contents/Developer/Toolchains/XcodeDefault.xctoolchain/usr/bin/clang -Xlinker -reproducible -target arm64-apple-ios16.0-simulator -isysroot /Applications/Xcode.app/Contents/Developer/Platforms/iPhoneSimulator.platform/Developer/SDKs/iPhoneSimulator26.5.sdk -O0 -L/Users/krzysztofkajkowski/Library/Developer/Xcode/DerivedData/KoveMirror-eiyrdqhxjcisltgtjsqoddvdyotc/Build/Products/Debug-iphonesimulator -F/Users/krzysztofkajkowski/Library/Developer/Xcode/DerivedData/KoveMirror-eiyrdqhxjcisltgtjsqoddvdyotc/Build/Products/Debug-iphonesimulator -Xlinker -rpath -Xlinker @executable_path -Xlinker -rpath -Xlinker @executable_path/Frameworks -rdynamic -Xlinker -no_deduplicate -Xlinker -objc_abi_version -Xlinker 2 -e ___debug_blank_executor_main -Xlinker -sectcreate -Xlinker __TEXT -Xlinker __debug_dylib -Xlinker /Users/krzysztofkajkowski/Library/Developer/Xcode/DerivedData/KoveMirror-eiyrdqhxjcisltgtjsqoddvdyotc/Build/Intermediates.noindex/KoveMirror.build/Debug-iphonesimulator/KoveMirror.build/KoveMirror-DebugDylibPath-normal-arm64.txt -Xlinker -sectcreate -Xlinker __TEXT -Xlinker __debug_instlnm -Xlinker /Users/krzysztofkajkowski/Library/Developer/Xcode/DerivedData/KoveMirror-eiyrdqhxjcisltgtjsqoddvdyotc/Build/Intermediates.noindex/KoveMirror.build/Debug-iphonesimulator/KoveMirror.build/KoveMirror-DebugDylibInstallName-normal-arm64.txt -Xlinker -filelist -Xlinker /Users/krzysztofkajkowski/Library/Developer/Xcode/DerivedData/KoveMirror-eiyrdqhxjcisltgtjsqoddvdyotc/Build/Intermediates.noindex/KoveMirror.build/Debug-iphonesimulator/KoveMirror.build/KoveMirror-ExecutorLinkFileList-normal-arm64.txt -Xlinker -sectcreate -Xlinker __TEXT -Xlinker __entitlements -Xlinker /Users/krzysztofkajkowski/Library/Developer/Xcode/DerivedData/KoveMirror-eiyrdqhxjcisltgtjsqoddvdyotc/Build/Intermediates.noindex/KoveMirror.build/Debug-iphonesimulator/KoveMirror.build/KoveMirror.app-Simulated.xcent -Xlinker -sectcreate -Xlinker __TEXT -Xlinker __ents_der -Xlinker /Users/krzysztofkajkowski/Library/Developer/Xcode/DerivedData/KoveMirror-eiyrdqhxjcisltgtjsqoddvdyotc/Build/Intermediates.noindex/KoveMirror.build/Debug-iphonesimulator/KoveMirror.build/KoveMirror.app-Simulated.xcent.der /Users/krzysztofkajkowski/Library/Developer/Xcode/DerivedData/KoveMirror-eiyrdqhxjcisltgtjsqoddvdyotc/Build/Products/Debug-iphonesimulator/KoveMirror.app/KoveMirror.debug.dylib -Xlinker -no_adhoc_codesign -o /Users/krzysztofkajkowski/Library/Developer/Xcode/DerivedData/KoveMirror-eiyrdqhxjcisltgtjsqoddvdyotc/Build/Products/Debug-iphonesimulator/KoveMirror.app/KoveMirror

Copy /Users/krzysztofkajkowski/Library/Developer/Xcode/DerivedData/KoveMirror-eiyrdqhxjcisltgtjsqoddvdyotc/Build/Products/Debug-iphonesimulator/KoveMirror.app/PlugIns/KoveMirrorBroadcast.appex /Users/krzysztofkajkowski/Library/Developer/Xcode/DerivedData/KoveMirror-eiyrdqhxjcisltgtjsqoddvdyotc/Build/Products/Debug-iphonesimulator/KoveMirrorBroadcast.appex (in target 'KoveMirror' from project 'KoveMirror')
    cd /Users/krzysztofkajkowski/.gemini/antigravity/scratch/KoveMirror
    builtin-copy -exclude .DS_Store -exclude CVS -exclude .svn -exclude .git -exclude .hg -exclude Headers -exclude PrivateHeaders -exclude Modules -exclude \*.tbd -resolve-src-symlinks -remove-static-executable /Users/krzysztofkajkowski/Library/Developer/Xcode/DerivedData/KoveMirror-eiyrdqhxjcisltgtjsqoddvdyotc/Build/Products/Debug-iphonesimulator/KoveMirrorBroadcast.appex /Users/krzysztofkajkowski/Library/Developer/Xcode/DerivedData/KoveMirror-eiyrdqhxjcisltgtjsqoddvdyotc/Build/Products/Debug-iphonesimulator/KoveMirror.app/PlugIns

ProcessInfoPlistFile /Users/krzysztofkajkowski/Library/Developer/Xcode/DerivedData/KoveMirror-eiyrdqhxjcisltgtjsqoddvdyotc/Build/Products/Debug-iphonesimulator/KoveMirror.app/Info.plist /Users/krzysztofkajkowski/.gemini/antigravity/scratch/KoveMirror/KoveMirror/Info.plist (in target 'KoveMirror' from project 'KoveMirror')
    cd /Users/krzysztofkajkowski/.gemini/antigravity/scratch/KoveMirror
    builtin-infoPlistUtility /Users/krzysztofkajkowski/.gemini/antigravity/scratch/KoveMirror/KoveMirror/Info.plist -producttype com.apple.product-type.application -genpkginfo /Users/krzysztofkajkowski/Library/Developer/Xcode/DerivedData/KoveMirror-eiyrdqhxjcisltgtjsqoddvdyotc/Build/Products/Debug-iphonesimulator/KoveMirror.app/PkgInfo -expandbuildsettings -format binary -platform iphonesimulator -additionalcontentfile /Users/krzysztofkajkowski/Library/Developer/Xcode/DerivedData/KoveMirror-eiyrdqhxjcisltgtjsqoddvdyotc/Build/Intermediates.noindex/KoveMirror.build/Debug-iphonesimulator/KoveMirror.build/assetcatalog_generated_info.plist -scanforprivacyfile /Users/krzysztofkajkowski/Library/Developer/Xcode/DerivedData/KoveMirror-eiyrdqhxjcisltgtjsqoddvdyotc/Build/Products/Debug-iphonesimulator/KoveMirror.app/PlugIns/KoveMirrorBroadcast.appex -o /Users/krzysztofkajkowski/Library/Developer/Xcode/DerivedData/KoveMirror-eiyrdqhxjcisltgtjsqoddvdyotc/Build/Products/Debug-iphonesimulator/KoveMirror.app/Info.plist

ExtractAppIntentsMetadata (in target 'KoveMirror' from project 'KoveMirror')
    cd /Users/krzysztofkajkowski/.gemini/antigravity/scratch/KoveMirror
    /Applications/Xcode.app/Contents/Developer/Toolchains/XcodeDefault.xctoolchain/usr/bin/appintentsmetadataprocessor --toolchain-dir /Applications/Xcode.app/Contents/Developer/Toolchains/XcodeDefault.xctoolchain --module-name KoveMirror --sdk-root /Applications/Xcode.app/Contents/Developer/Platforms/iPhoneSimulator.platform/Developer/SDKs/iPhoneSimulator26.5.sdk --xcode-version 17F113 --platform-family iOS --deployment-target 16.0 --bundle-identifier pl.cayco.kovemirror.ios --output /Users/krzysztofkajkowski/Library/Developer/Xcode/DerivedData/KoveMirror-eiyrdqhxjcisltgtjsqoddvdyotc/Build/Products/Debug-iphonesimulator/KoveMirror.app --target-triple arm64-apple-ios16.0-simulator --binary-file /Users/krzysztofkajkowski/Library/Developer/Xcode/DerivedData/KoveMirror-eiyrdqhxjcisltgtjsqoddvdyotc/Build/Products/Debug-iphonesimulator/KoveMirror.app/KoveMirror --dependency-file /Users/krzysztofkajkowski/Library/Developer/Xcode/DerivedData/KoveMirror-eiyrdqhxjcisltgtjsqoddvdyotc/Build/Intermediates.noindex/KoveMirror.build/Debug-iphonesimulator/KoveMirror.build/Objects-normal/arm64/KoveMirror_dependency_info.dat --stringsdata-file /Users/krzysztofkajkowski/Library/Developer/Xcode/DerivedData/KoveMirror-eiyrdqhxjcisltgtjsqoddvdyotc/Build/Intermediates.noindex/KoveMirror.build/Debug-iphonesimulator/KoveMirror.build/Objects-normal/arm64/ExtractedAppShortcutsMetadata.stringsdata --source-file-list /Users/krzysztofkajkowski/Library/Developer/Xcode/DerivedData/KoveMirror-eiyrdqhxjcisltgtjsqoddvdyotc/Build/Intermediates.noindex/KoveMirror.build/Debug-iphonesimulator/KoveMirror.build/Objects-normal/arm64/KoveMirror.SwiftFileList --metadata-file-list /Users/krzysztofkajkowski/Library/Developer/Xcode/DerivedData/KoveMirror-eiyrdqhxjcisltgtjsqoddvdyotc/Build/Intermediates.noindex/KoveMirror.build/Debug-iphonesimulator/KoveMirror.build/KoveMirror.DependencyMetadataFileList --static-metadata-file-list /Users/krzysztofkajkowski/Library/Developer/Xcode/DerivedData/KoveMirror-eiyrdqhxjcisltgtjsqoddvdyotc/Build/Intermediates.noindex/KoveMirror.build/Debug-iphonesimulator/KoveMirror.build/KoveMirror.DependencyStaticMetadataFileList --swift-const-vals-list /Users/krzysztofkajkowski/Library/Developer/Xcode/DerivedData/KoveMirror-eiyrdqhxjcisltgtjsqoddvdyotc/Build/Intermediates.noindex/KoveMirror.build/Debug-iphonesimulator/KoveMirror.build/Objects-normal/arm64/KoveMirror.SwiftConstValuesFileList --compile-time-extraction --deployment-aware-processing --validate-assistant-intents --no-app-shortcuts-localization
2026-07-26 16:40:34.542 appintentsmetadataprocessor[27580:5715391] Starting appintentsmetadataprocessor export
2026-07-26 16:40:34.543 appintentsmetadataprocessor[27580:5715391] warning: Metadata extraction skipped. No AppIntents.framework dependency found.

CopySwiftLibs /Users/krzysztofkajkowski/Library/Developer/Xcode/DerivedData/KoveMirror-eiyrdqhxjcisltgtjsqoddvdyotc/Build/Products/Debug-iphonesimulator/KoveMirror.app (in target 'KoveMirror' from project 'KoveMirror')
    cd /Users/krzysztofkajkowski/.gemini/antigravity/scratch/KoveMirror
    builtin-swiftStdLibTool --copy --verbose --sign - --scan-executable /Users/krzysztofkajkowski/Library/Developer/Xcode/DerivedData/KoveMirror-eiyrdqhxjcisltgtjsqoddvdyotc/Build/Products/Debug-iphonesimulator/KoveMirror.app/KoveMirror.debug.dylib --scan-folder /Users/krzysztofkajkowski/Library/Developer/Xcode/DerivedData/KoveMirror-eiyrdqhxjcisltgtjsqoddvdyotc/Build/Products/Debug-iphonesimulator/KoveMirror.app/Frameworks --scan-folder /Users/krzysztofkajkowski/Library/Developer/Xcode/DerivedData/KoveMirror-eiyrdqhxjcisltgtjsqoddvdyotc/Build/Products/Debug-iphonesimulator/KoveMirror.app/PlugIns --scan-folder /Users/krzysztofkajkowski/Library/Developer/Xcode/DerivedData/KoveMirror-eiyrdqhxjcisltgtjsqoddvdyotc/Build/Products/Debug-iphonesimulator/KoveMirror.app/SystemExtensions --scan-folder /Users/krzysztofkajkowski/Library/Developer/Xcode/DerivedData/KoveMirror-eiyrdqhxjcisltgtjsqoddvdyotc/Build/Products/Debug-iphonesimulator/KoveMirror.app/Extensions --platform iphonesimulator --toolchain /Applications/Xcode.app/Contents/Developer/Toolchains/XcodeDefault.xctoolchain --destination /Users/krzysztofkajkowski/Library/Developer/Xcode/DerivedData/KoveMirror-eiyrdqhxjcisltgtjsqoddvdyotc/Build/Products/Debug-iphonesimulator/KoveMirror.app/Frameworks --strip-bitcode --strip-bitcode-tool /Applications/Xcode.app/Contents/Developer/Toolchains/XcodeDefault.xctoolchain/usr/bin/bitcode_strip --emit-dependency-info /Users/krzysztofkajkowski/Library/Developer/Xcode/DerivedData/KoveMirror-eiyrdqhxjcisltgtjsqoddvdyotc/Build/Intermediates.noindex/KoveMirror.build/Debug-iphonesimulator/KoveMirror.build/SwiftStdLibToolInputDependencies.dep --filter-for-swift-os

AppIntentsSSUTraining (in target 'KoveMirror' from project 'KoveMirror')
    cd /Users/krzysztofkajkowski/.gemini/antigravity/scratch/KoveMirror
    /Applications/Xcode.app/Contents/Developer/Toolchains/XcodeDefault.xctoolchain/usr/bin/appintentsnltrainingprocessor --infoplist-path /Users/krzysztofkajkowski/Library/Developer/Xcode/DerivedData/KoveMirror-eiyrdqhxjcisltgtjsqoddvdyotc/Build/Products/Debug-iphonesimulator/KoveMirror.app/Info.plist --temp-dir-path /Users/krzysztofkajkowski/Library/Developer/Xcode/DerivedData/KoveMirror-eiyrdqhxjcisltgtjsqoddvdyotc/Build/Intermediates.noindex/KoveMirror.build/Debug-iphonesimulator/KoveMirror.build/ssu --bundle-id pl.cayco.kovemirror.ios --product-path /Users/krzysztofkajkowski/Library/Developer/Xcode/DerivedData/KoveMirror-eiyrdqhxjcisltgtjsqoddvdyotc/Build/Products/Debug-iphonesimulator/KoveMirror.app --extracted-metadata-path /Users/krzysztofkajkowski/Library/Developer/Xcode/DerivedData/KoveMirror-eiyrdqhxjcisltgtjsqoddvdyotc/Build/Products/Debug-iphonesimulator/KoveMirror.app/Metadata.appintents --metadata-file-list /Users/krzysztofkajkowski/Library/Developer/Xcode/DerivedData/KoveMirror-eiyrdqhxjcisltgtjsqoddvdyotc/Build/Intermediates.noindex/KoveMirror.build/Debug-iphonesimulator/KoveMirror.build/KoveMirror.DependencyMetadataFileList --source-file /Users/krzysztofkajkowski/Library/Developer/Xcode/DerivedData/KoveMirror-eiyrdqhxjcisltgtjsqoddvdyotc/Build/Products/Debug-iphonesimulator/KoveMirror.app/Info.plist --archive-ssu-assets
2026-07-26 16:40:34.556 appintentsnltrainingprocessor[27581:5715392] Parsing options for appintentsnltrainingprocessor
2026-07-26 16:40:34.556 appintentsnltrainingprocessor[27581:5715392] Starting AppIntents SSU YAML Generation
2026-07-26 16:40:34.556 appintentsnltrainingprocessor[27581:5715392] No AppShortcuts found - Skipping.

CodeSign /Users/krzysztofkajkowski/Library/Developer/Xcode/DerivedData/KoveMirror-eiyrdqhxjcisltgtjsqoddvdyotc/Build/Products/Debug-iphonesimulator/KoveMirror.app/KoveMirror.debug.dylib (in target 'KoveMirror' from project 'KoveMirror')
    cd /Users/krzysztofkajkowski/.gemini/antigravity/scratch/KoveMirror
    
    Signing Identity:     "Sign to Run Locally"
    
    /usr/bin/codesign --force --sign - --timestamp\=none --generate-entitlement-der /Users/krzysztofkajkowski/Library/Developer/Xcode/DerivedData/KoveMirror-eiyrdqhxjcisltgtjsqoddvdyotc/Build/Products/Debug-iphonesimulator/KoveMirror.app/KoveMirror.debug.dylib

CodeSign /Users/krzysztofkajkowski/Library/Developer/Xcode/DerivedData/KoveMirror-eiyrdqhxjcisltgtjsqoddvdyotc/Build/Products/Debug-iphonesimulator/KoveMirror.app/__preview.dylib (in target 'KoveMirror' from project 'KoveMirror')
    cd /Users/krzysztofkajkowski/.gemini/antigravity/scratch/KoveMirror
    
    Signing Identity:     "Sign to Run Locally"
    
    /usr/bin/codesign --force --sign - --timestamp\=none --generate-entitlement-der /Users/krzysztofkajkowski/Library/Developer/Xcode/DerivedData/KoveMirror-eiyrdqhxjcisltgtjsqoddvdyotc/Build/Products/Debug-iphonesimulator/KoveMirror.app/__preview.dylib

CodeSign /Users/krzysztofkajkowski/Library/Developer/Xcode/DerivedData/KoveMirror-eiyrdqhxjcisltgtjsqoddvdyotc/Build/Products/Debug-iphonesimulator/KoveMirror.app (in target 'KoveMirror' from project 'KoveMirror')
    cd /Users/krzysztofkajkowski/.gemini/antigravity/scratch/KoveMirror
    
    Signing Identity:     "Sign to Run Locally"
    
    /usr/bin/codesign --force --sign - --entitlements /Users/krzysztofkajkowski/Library/Developer/Xcode/DerivedData/KoveMirror-eiyrdqhxjcisltgtjsqoddvdyotc/Build/Intermediates.noindex/KoveMirror.build/Debug-iphonesimulator/KoveMirror.build/KoveMirror.app.xcent --timestamp\=none --generate-entitlement-der /Users/krzysztofkajkowski/Library/Developer/Xcode/DerivedData/KoveMirror-eiyrdqhxjcisltgtjsqoddvdyotc/Build/Products/Debug-iphonesimulator/KoveMirror.app

ValidateEmbeddedBinary /Users/krzysztofkajkowski/Library/Developer/Xcode/DerivedData/KoveMirror-eiyrdqhxjcisltgtjsqoddvdyotc/Build/Products/Debug-iphonesimulator/KoveMirror.app/PlugIns/KoveMirrorBroadcast.appex (in target 'KoveMirror' from project 'KoveMirror')
    cd /Users/krzysztofkajkowski/.gemini/antigravity/scratch/KoveMirror
    /Applications/Xcode.app/Contents/Developer/usr/bin/embeddedBinaryValidationUtility /Users/krzysztofkajkowski/Library/Developer/Xcode/DerivedData/KoveMirror-eiyrdqhxjcisltgtjsqoddvdyotc/Build/Products/Debug-iphonesimulator/KoveMirror.app/PlugIns/KoveMirrorBroadcast.appex -signing-cert - -info-plist-path /Users/krzysztofkajkowski/Library/Developer/Xcode/DerivedData/KoveMirror-eiyrdqhxjcisltgtjsqoddvdyotc/Build/Products/Debug-iphonesimulator/KoveMirror.app/Info.plist

RegisterExecutionPolicyException /Users/krzysztofkajkowski/Library/Developer/Xcode/DerivedData/KoveMirror-eiyrdqhxjcisltgtjsqoddvdyotc/Build/Products/Debug-iphonesimulator/KoveMirror.app (in target 'KoveMirror' from project 'KoveMirror')
    cd /Users/krzysztofkajkowski/.gemini/antigravity/scratch/KoveMirror
    builtin-RegisterExecutionPolicyException /Users/krzysztofkajkowski/Library/Developer/Xcode/DerivedData/KoveMirror-eiyrdqhxjcisltgtjsqoddvdyotc/Build/Products/Debug-iphonesimulator/KoveMirror.app

Validate /Users/krzysztofkajkowski/Library/Developer/Xcode/DerivedData/KoveMirror-eiyrdqhxjcisltgtjsqoddvdyotc/Build/Products/Debug-iphonesimulator/KoveMirror.app (in target 'KoveMirror' from project 'KoveMirror')
    cd /Users/krzysztofkajkowski/.gemini/antigravity/scratch/KoveMirror
    builtin-validationUtility /Users/krzysztofkajkowski/Library/Developer/Xcode/DerivedData/KoveMirror-eiyrdqhxjcisltgtjsqoddvdyotc/Build/Products/Debug-iphonesimulator/KoveMirror.app -shallow-bundle -infoplist-subpath Info.plist

Touch /Users/krzysztofkajkowski/Library/Developer/Xcode/DerivedData/KoveMirror-eiyrdqhxjcisltgtjsqoddvdyotc/Build/Products/Debug-iphonesimulator/KoveMirror.app (in target 'KoveMirror' from project 'KoveMirror')
    cd /Users/krzysztofkajkowski/.gemini/antigravity/scratch/KoveMirror
    /usr/bin/touch -c /Users/krzysztofkajkowski/Library/Developer/Xcode/DerivedData/KoveMirror-eiyrdqhxjcisltgtjsqoddvdyotc/Build/Products/Debug-iphonesimulator/KoveMirror.app

** BUILD SUCCEEDED **

